cliente_id,idade,genero,plano,valor_mensal,tempo_assinatura_meses,num_dispositivos,horas_visualizacao_semana,num_reclamacoes_6m,atrasos_pagamento_6m,usa_suporte,satisfacao_score,cancelou
CLI00001,54,Feminino,Padrão,36.81,19,2,9.5,0,0,1,3.6,0
CLI00002,67,Feminino,Padrão,35.93,7,4,3.6,1,1,0,8.9,0
CLI00003,44,Feminino,Padrão,36.35,16,2,7.5,0,0,0,8.4,0
CLI00004,30,Masculino,Padrão,35.93,5,3,6.3,1,3,0,3.0,1
CLI00005,58,Masculino,Básico,18.62,2,4,7.4,0,0,1,9.6,0
CLI00006,23,Masculino,Premium,55.76,69,6,3.4,0,1,0,7.2,0
CLI00007,36,Masculino,Premium,56.5,3,4,3.9,0,2,0,7.8,0
CLI00008,54,Masculino,Padrão,36.41,63,1,6.1,0,1,0,5.3,0
CLI00009,34,Masculino,Básico,22.28,53,3,2.2,1,0,1,9.6,0
CLI00010,38,Feminino,Padrão,36.32,23,4,8.9,2,0,1,4.6,0
CLI00011,26,Feminino,Básico,20.6,16,3,3.7,0,1,1,8.7,0
CLI00012,26,Feminino,Básico,22.04,13,4,2.5,2,0,1,8.6,0
CLI00013,39,Feminino,Básico,19.85,29,3,12.2,0,0,0,5.1,0
CLI00014,68,Masculino,Padrão,33.14,5,1,6.8,0,1,0,10.0,0
CLI00015,51,Masculino,Premium,54.57,9,3,4.9,0,2,0,7.5,0
CLI00016,55,Feminino,Padrão,33.41,14,2,8.0,1,0,0,8.3,0
CLI00017,39,Masculino,Padrão,33.55,8,3,3.2,0,2,1,3.9,1
CLI00018,18,Feminino,Padrão,34.61,8,3,3.1,1,0,1,10.0,1
CLI00019,37,Feminino,Básico,18.32,6,5,3.8,0,1,0,4.6,0
CLI00020,68,Feminino,Padrão,34.28,12,1,13.8,0,0,0,9.0,0
CLI00021,17,Masculino,Premium,51.11,27,3,13.1,2,1,1,5.0,0
CLI00022,39,Feminino,Básico,20.33,4,1,2.1,0,1,0,5.8,1
CLI00023,59,Feminino,Premium,54.9,39,1,19.0,0,1,0,8.6,0
CLI00024,45,Feminino,Padrão,33.27,17,2,6.4,0,0,0,9.1,0
CLI00025,53,Masculino,Padrão,36.22,25,3,8.8,1,1,0,4.5,0
CLI00026,17,Masculino,Padrão,36.78,12,1,3.7,0,0,0,9.2,0
CLI00027,36,Feminino,Padrão,31.68,22,2,6.6,1,1,0,9.1,0
CLI00028,48,Masculino,Premium,53.37,1,5,2.5,2,1,0,5.1,1
CLI00029,27,Masculino,Premium,53.36,24,4,3.5,1,0,1,10.0,0
CLI00030,37,Masculino,Padrão,33.02,1,5,11.5,0,1,0,4.1,1
CLI00031,59,Masculino,Básico,21.56,31,3,11.7,2,0,0,5.8,0
CLI00032,40,Masculino,Padrão,34.51,68,3,9.1,1,0,1,8.0,0
CLI00033,64,Masculino,Premium,54.37,5,3,4.7,1,1,0,5.3,0
CLI00034,42,Masculino,Básico,15.89,4,2,2.1,1,0,0,7.5,0
CLI00035,57,Masculino,Padrão,36.17,21,2,14.9,0,0,0,7.5,0
CLI00036,43,Masculino,Padrão,32.42,5,2,12.3,0,0,0,6.6,0
CLI00037,31,Masculino,Padrão,35.02,29,2,1.1,0,0,0,8.7,1
CLI00038,30,Feminino,Básico,20.45,2,4,11.8,1,0,0,6.5,1
CLI00039,62,Feminino,Padrão,37.62,2,3,4.9,1,0,0,7.5,0
CLI00040,66,Masculino,Premium,52.28,55,3,10.5,2,0,0,9.3,0
CLI00041,59,Feminino,Básico,13.86,16,3,1.7,1,0,0,8.6,0
CLI00042,67,Feminino,Básico,20.27,27,1,3.8,2,1,0,8.6,0
CLI00043,18,Masculino,Premium,58.5,6,2,7.0,1,1,0,4.7,1
CLI00044,52,Masculino,Básico,22.38,16,5,19.5,0,0,1,8.0,0
CLI00045,66,Masculino,Premium,55.32,13,3,7.0,1,1,0,5.2,0
CLI00046,22,Feminino,Padrão,33.92,13,5,13.5,1,2,0,4.4,0
CLI00047,36,Feminino,Básico,21.51,17,5,7.7,0,1,0,6.9,0
CLI00048,24,Masculino,Premium,52.95,12,3,7.5,0,0,0,5.2,0
CLI00049,54,Masculino,Padrão,35.85,8,2,9.5,0,1,0,8.6,0
CLI00050,33,Masculino,Padrão,35.91,5,4,6.3,1,0,1,8.6,0
CLI00051,19,Feminino,Padrão,37.02,21,4,11.3,0,0,0,3.2,0
CLI00052,40,Feminino,Padrão,40.42,4,2,2.6,0,1,0,5.3,1
CLI00053,29,Feminino,Básico,20.68,17,2,6.3,0,1,0,4.1,1
CLI00054,65,Feminino,Padrão,33.88,4,5,20.6,1,0,0,6.1,0
CLI00055,24,Masculino,Premium,54.85,14,2,13.8,2,1,0,7.9,1
CLI00056,41,Masculino,Básico,16.36,20,5,8.2,1,1,0,6.5,0
CLI00057,68,Masculino,Padrão,33.51,4,1,12.6,0,0,0,5.8,0
CLI00058,17,Masculino,Básico,19.08,1,4,17.2,2,0,0,9.6,0
CLI00059,35,Feminino,Premium,53.85,2,4,0.9,1,1,0,2.4,0
CLI00060,43,Feminino,Básico,20.2,14,4,5.3,0,1,0,9.5,0
CLI00061,62,Masculino,Premium,53.26,27,3,3.8,1,0,0,5.9,0
CLI00062,22,Masculino,Padrão,37.14,1,2,1.9,0,0,0,6.8,1
CLI00063,59,Feminino,Básico,19.9,19,1,22.5,1,2,0,5.9,0
CLI00064,23,Masculino,Básico,19.88,6,3,9.8,0,0,0,10.0,0
CLI00065,62,Feminino,Básico,19.24,10,3,12.3,2,0,0,4.5,0
CLI00066,50,Masculino,Padrão,35.21,38,3,4.0,0,0,0,7.0,0
CLI00067,29,Masculino,Básico,21.55,6,4,5.2,0,1,0,8.1,1
CLI00068,32,Masculino,Premium,53.17,9,4,6.5,1,0,1,3.8,0
CLI00069,51,Masculino,Padrão,33.58,1,2,8.6,3,0,1,5.2,1
CLI00070,65,Masculino,Básico,19.29,2,3,11.1,1,0,1,6.7,0
CLI00071,55,Masculino,Padrão,32.21,5,2,10.6,0,0,1,5.2,0
CLI00072,19,Masculino,Padrão,33.26,1,3,5.5,0,1,0,5.4,1
CLI00073,17,Feminino,Básico,18.95,14,1,17.6,0,2,0,6.3,0
CLI00074,21,Feminino,Básico,21.65,8,2,15.4,1,0,0,8.3,0
CLI00075,69,Feminino,Básico,20.43,12,2,8.0,0,0,0,6.3,1
CLI00076,57,Feminino,Padrão,35.29,3,3,6.7,1,1,1,9.2,0
CLI00077,19,Feminino,Padrão,36.6,5,2,5.2,1,0,0,5.0,0
CLI00078,69,Masculino,Padrão,34.63,16,2,8.7,0,0,1,4.5,0
CLI00079,44,Masculino,Premium,55.68,48,3,14.9,1,0,0,10.0,0
CLI00080,33,Feminino,Premium,54.69,1,5,6.8,1,0,1,5.7,1
CLI00081,41,Masculino,Padrão,35.43,31,1,4.2,0,0,0,4.4,0
CLI00082,59,Feminino,Premium,53.73,13,2,6.7,0,2,0,3.5,1
CLI00083,49,Feminino,Básico,15.02,12,5,8.1,0,0,0,9.2,0
CLI00084,25,Masculino,Básico,19.63,10,3,2.5,0,1,0,6.3,1
CLI00085,51,Masculino,Básico,22.75,2,2,1.9,1,1,1,6.5,1
CLI00086,29,Masculino,Básico,21.75,2,2,4.3,0,1,0,6.7,0
CLI00087,46,Feminino,Padrão,36.83,13,4,17.6,0,0,0,9.0,0
CLI00088,63,Masculino,Premium,57.37,6,2,14.3,3,1,0,6.6,1
CLI00089,30,Feminino,Básico,20.08,35,4,1.5,0,0,1,10.0,0
CLI00090,23,Feminino,Básico,20.29,8,4,3.0,0,0,0,7.3,0
CLI00091,29,Feminino,Padrão,33.66,3,3,10.9,1,1,0,9.1,1
CLI00092,38,Masculino,Premium,54.27,18,3,4.7,0,1,0,8.6,0
CLI00093,55,Masculino,Básico,21.13,5,5,9.0,0,0,0,6.9,0
CLI00094,36,Feminino,Padrão,37.31,11,2,1.6,2,1,0,5.8,1
CLI00095,31,Masculino,Básico,19.62,17,2,6.6,1,0,0,7.7,0
CLI00096,60,Masculino,Básico,19.0,33,3,6.1,0,0,1,8.0,0
CLI00097,33,Masculino,Premium,54.9,22,2,12.3,0,0,1,5.9,0
CLI00098,62,Feminino,Premium,56.1,16,4,8.6,0,0,0,7.3,0
CLI00099,68,Feminino,Básico,17.01,16,4,7.2,0,0,1,9.5,0
CLI00100,39,Masculino,Premium,50.31,41,5,1.3,1,0,0,10.0,0
CLI00101,41,Feminino,Padrão,33.8,5,2,21.0,1,0,0,8.7,0
CLI00102,40,Masculino,Premium,52.46,1,2,10.4,0,0,0,10.0,0
CLI00103,60,Masculino,Padrão,33.88,5,2,3.7,1,0,0,5.7,1
CLI00104,56,Masculino,Padrão,34.6,4,2,7.1,2,2,1,8.4,1
CLI00105,44,Masculino,Padrão,33.99,16,3,4.9,0,0,0,9.7,0
CLI00106,30,Feminino,Padrão,37.8,15,1,5.6,2,1,0,5.2,1
CLI00107,60,Feminino,Básico,20.55,13,2,14.2,2,0,0,6.0,0
CLI00108,16,Feminino,Básico,20.5,1,3,3.0,1,1,0,10.0,0
CLI00109,40,Masculino,Básico,21.14,19,5,10.7,1,0,0,5.0,0
CLI00110,22,Masculino,Padrão,32.62,6,1,14.6,0,2,0,4.3,0
CLI00111,24,Masculino,Básico,21.98,16,1,9.6,0,0,0,10.0,0
CLI00112,39,Feminino,Padrão,34.75,12,2,5.8,0,0,1,9.4,0
CLI00113,16,Masculino,Premium,56.24,6,2,3.5,1,1,0,7.9,0
CLI00114,59,Feminino,Básico,17.76,3,5,3.9,0,0,0,6.9,0
CLI00115,23,Feminino,Padrão,31.79,2,3,7.2,0,1,0,6.1,0
CLI00116,39,Feminino,Padrão,36.54,25,3,6.8,1,0,0,7.6,0
CLI00117,26,Feminino,Premium,55.65,36,3,11.6,0,0,1,10.0,0
CLI00118,66,Feminino,Básico,18.1,15,6,1.7,0,0,0,7.5,1
CLI00119,32,Feminino,Padrão,33.16,2,4,14.0,0,0,0,10.0,0
CLI00120,23,Masculino,Premium,57.15,8,5,30.0,0,2,1,5.2,0
CLI00121,50,Masculino,Premium,52.52,19,4,6.2,0,0,0,7.0,0
CLI00122,50,Feminino,Padrão,38.19,22,1,5.5,1,0,0,6.3,0
CLI00123,48,Feminino,Padrão,33.1,2,4,5.9,0,0,0,4.8,0
CLI00124,20,Masculino,Padrão,36.18,1,3,7.0,1,0,1,6.7,0
CLI00125,57,Feminino,Premium,54.24,18,4,5.2,1,1,0,7.8,0
CLI00126,54,Feminino,Padrão,36.11,7,4,1.0,1,0,0,8.0,0
CLI00127,56,Masculino,Básico,18.81,5,2,5.8,1,0,0,10.0,0
CLI00128,43,Feminino,Premium,54.57,1,2,7.3,0,0,0,7.9,0
CLI00129,22,Feminino,Padrão,34.98,11,5,15.0,0,0,0,9.3,0
CLI00130,24,Feminino,Padrão,32.9,27,1,3.0,2,0,0,7.1,0
CLI00131,23,Masculino,Básico,21.38,45,3,19.0,0,0,0,10.0,0
CLI00132,27,Masculino,Padrão,33.87,12,4,4.9,0,1,0,10.0,0
CLI00133,49,Masculino,Padrão,34.44,11,2,3.3,0,0,0,8.1,0
CLI00134,48,Feminino,Padrão,32.91,2,1,10.4,0,0,1,5.0,1
CLI00135,63,Feminino,Básico,14.78,12,4,4.5,0,1,0,5.9,0
CLI00136,38,Masculino,Padrão,34.52,7,3,6.3,3,0,0,7.6,1
CLI00137,39,Feminino,Premium,59.73,14,2,6.6,1,0,0,7.9,0
CLI00138,52,Feminino,Básico,21.47,7,3,10.0,0,1,0,8.4,0
CLI00139,50,Feminino,Premium,54.86,4,2,6.2,1,0,0,7.9,0
CLI00140,59,Feminino,Padrão,34.37,2,1,5.7,0,0,0,7.0,0
CLI00141,55,Feminino,Premium,54.94,6,3,4.8,0,0,0,5.7,0
CLI00142,37,Masculino,Premium,55.99,2,1,9.3,0,0,1,7.8,0
CLI00143,42,Feminino,Padrão,32.54,3,4,4.3,1,0,0,10.0,1
CLI00144,50,Masculino,Padrão,37.13,62,3,15.4,0,1,0,9.0,0
CLI00145,16,Feminino,Premium,56.33,9,5,6.7,0,0,0,8.1,0
CLI00146,50,Masculino,Padrão,36.34,11,2,1.3,1,0,1,9.1,0
CLI00147,52,Feminino,Básico,20.78,29,1,8.1,1,0,0,6.3,0
CLI00148,62,Masculino,Padrão,34.94,72,1,9.1,0,0,0,6.0,0
CLI00149,29,Feminino,Premium,56.25,13,5,15.5,0,2,1,5.5,0
CLI00150,18,Masculino,Premium,56.08,24,1,3.6,1,0,0,6.7,0
CLI00151,16,Feminino,Premium,54.19,6,6,3.2,0,0,0,6.2,1
CLI00152,20,Masculino,Padrão,33.75,6,1,10.2,1,1,0,9.4,0
CLI00153,41,Feminino,Premium,55.1,8,4,13.9,0,2,1,6.0,1
CLI00154,29,Masculino,Básico,23.0,16,3,3.5,0,1,0,5.4,0
CLI00155,54,Masculino,Padrão,32.42,17,2,7.9,0,0,1,10.0,0
CLI00156,42,Feminino,Básico,16.96,6,2,6.3,1,0,0,6.1,0
CLI00157,24,Feminino,Básico,20.23,3,2,3.6,1,1,0,7.3,0
CLI00158,30,Masculino,Padrão,35.0,15,3,6.0,0,1,0,7.9,0
CLI00159,30,Feminino,Padrão,35.25,2,4,13.2,0,1,0,4.7,0
CLI00160,41,Masculino,Padrão,35.39,13,3,6.7,0,0,0,9.5,0
CLI00161,57,Masculino,Padrão,34.45,17,4,5.8,0,1,0,8.3,0
CLI00162,28,Masculino,Padrão,37.88,17,4,9.9,2,0,0,10.0,0
CLI00163,66,Feminino,Básico,16.7,20,2,14.0,0,0,0,5.6,0
CLI00164,47,Masculino,Padrão,33.24,29,3,2.9,0,0,0,7.2,0
CLI00165,54,Masculino,Básico,19.69,10,3,8.2,0,0,1,7.1,0
CLI00166,64,Feminino,Básico,16.61,19,3,5.0,0,1,0,7.5,0
CLI00167,67,Feminino,Padrão,34.55,14,5,6.7,0,0,1,4.1,0
CLI00168,47,Feminino,Padrão,38.22,3,2,10.4,2,0,0,7.2,0
CLI00169,19,Feminino,Padrão,34.94,1,1,5.3,0,0,1,4.1,0
CLI00170,45,Masculino,Padrão,35.36,5,2,6.1,0,1,0,7.7,0
CLI00171,52,Masculino,Padrão,32.38,9,3,12.5,3,1,0,2.7,1
CLI00172,38,Masculino,Premium,53.67,14,1,8.9,1,0,1,3.3,0
CLI00173,54,Masculino,Padrão,34.15,27,2,6.0,1,1,1,8.6,0
CLI00174,60,Feminino,Padrão,34.26,4,1,7.2,0,0,0,5.9,0
CLI00175,30,Masculino,Básico,22.46,2,3,6.8,1,2,0,5.0,1
CLI00176,58,Masculino,Básico,21.02,47,3,1.2,0,0,0,9.5,0
CLI00177,44,Feminino,Padrão,32.68,2,4,7.3,0,0,0,7.7,0
CLI00178,51,Masculino,Padrão,35.39,10,1,2.1,0,0,1,8.7,0
CLI00179,28,Masculino,Padrão,35.9,13,6,13.8,0,1,0,6.7,0
CLI00180,47,Masculino,Padrão,37.18,11,6,2.1,0,0,1,10.0,0
CLI00181,22,Masculino,Padrão,38.06,2,2,4.8,0,1,0,5.8,0
CLI00182,66,Masculino,Premium,52.87,1,5,4.1,0,0,0,10.0,0
CLI00183,37,Masculino,Premium,53.28,2,3,17.1,1,3,1,6.9,0
CLI00184,43,Feminino,Padrão,32.38,13,4,13.4,0,1,0,3.7,0
CLI00185,17,Feminino,Premium,54.43,12,3,0.6,0,0,0,8.0,0
CLI00186,57,Masculino,Básico,20.83,4,4,6.5,2,1,0,7.6,0
CLI00187,60,Masculino,Básico,21.87,15,3,2.5,1,1,0,4.9,0
CLI00188,68,Feminino,Básico,19.75,25,3,7.3,1,0,0,5.2,1
CLI00189,21,Masculino,Padrão,34.26,1,3,10.2,2,1,0,7.0,0
CLI00190,43,Masculino,Premium,55.2,10,3,7.8,0,1,0,7.7,0
CLI00191,43,Masculino,Básico,18.23,17,1,10.7,1,1,1,2.1,1
CLI00192,59,Feminino,Premium,59.08,5,5,5.4,0,0,0,9.1,1
CLI00193,59,Masculino,Básico,16.68,6,5,8.0,1,0,1,6.0,0
CLI00194,35,Feminino,Premium,55.27,14,2,10.4,0,2,0,4.3,0
CLI00195,45,Masculino,Padrão,38.95,32,4,4.6,1,0,0,8.9,0
CLI00196,26,Feminino,Básico,19.91,24,1,3.2,0,0,0,7.0,0
CLI00197,43,Feminino,Padrão,34.52,13,3,3.9,0,0,0,9.4,0
CLI00198,40,Masculino,Básico,19.19,19,1,6.0,0,0,0,7.9,0
CLI00199,54,Feminino,Básico,19.54,7,4,6.6,0,0,0,7.0,0
CLI00200,48,Masculino,Básico,22.65,15,3,8.3,0,2,0,6.7,0
CLI00201,16,Feminino,Premium,50.48,9,2,3.6,0,0,1,8.0,0
CLI00202,42,Masculino,Padrão,37.97,3,1,10.6,2,1,0,6.2,1
CLI00203,67,Masculino,Básico,17.05,17,1,19.7,1,0,0,5.3,0
CLI00204,28,Feminino,Padrão,34.37,12,5,4.1,0,0,0,8.2,0
CLI00205,56,Masculino,Padrão,34.04,7,3,26.7,0,0,0,6.7,0
CLI00206,18,Masculino,Básico,21.08,34,3,21.4,2,1,0,7.1,0
CLI00207,54,Feminino,Padrão,31.7,1,4,6.6,0,0,0,9.2,1
CLI00208,21,Masculino,Básico,20.82,6,6,5.9,0,0,0,6.8,0
CLI00209,23,Masculino,Básico,23.95,1,4,3.9,0,1,0,7.0,0
CLI00210,42,Feminino,Padrão,32.17,21,1,11.7,1,0,0,5.8,0
CLI00211,24,Feminino,Básico,20.28,17,1,6.9,1,4,0,7.9,0
CLI00212,52,Masculino,Padrão,33.58,6,3,7.4,2,0,0,7.7,0
CLI00213,48,Masculino,Padrão,35.75,16,3,3.3,2,0,1,8.8,0
CLI00214,66,Feminino,Básico,19.94,8,3,11.9,0,0,0,5.8,0
CLI00215,57,Feminino,Padrão,33.62,20,4,5.5,1,2,0,6.1,0
CLI00216,59,Masculino,Básico,20.88,9,1,2.7,0,0,0,8.6,1
CLI00217,39,Feminino,Premium,58.51,8,1,6.2,0,2,1,7.5,0
CLI00218,30,Masculino,Padrão,34.52,39,4,3.5,3,1,0,5.2,1
CLI00219,69,Masculino,Premium,56.34,5,3,15.5,0,0,0,9.6,0
CLI00220,47,Masculino,Padrão,32.31,2,4,21.2,1,1,1,3.6,0
CLI00221,47,Masculino,Básico,17.99,13,2,6.3,0,0,0,8.6,0
CLI00222,39,Masculino,Padrão,35.84,49,4,13.1,0,0,0,4.5,0
CLI00223,56,Feminino,Premium,57.87,7,4,12.9,0,2,0,10.0,0
CLI00224,67,Feminino,Padrão,35.61,1,2,0.1,1,0,0,3.9,1
CLI00225,64,Feminino,Premium,54.27,6,4,3.9,2,0,0,9.3,0
CLI00226,64,Feminino,Premium,54.9,10,5,7.1,2,0,0,6.8,1
CLI00227,67,Masculino,Básico,17.4,3,3,4.7,1,0,0,6.3,1
CLI00228,27,Masculino,Básico,21.11,16,2,3.7,3,0,0,7.4,0
CLI00229,54,Masculino,Padrão,36.66,72,5,13.5,0,0,1,8.3,0
CLI00230,17,Masculino,Padrão,34.0,9,2,4.6,0,0,0,5.2,1
CLI00231,18,Feminino,Premium,53.96,7,2,8.3,0,0,0,5.4,0
CLI00232,64,Masculino,Premium,55.43,8,4,12.7,2,1,0,8.3,0
CLI00233,52,Masculino,Padrão,34.03,2,2,16.1,0,0,0,3.6,0
CLI00234,64,Feminino,Básico,19.77,31,5,2.7,3,0,0,5.8,0
CLI00235,32,Feminino,Premium,59.1,8,4,2.9,0,0,0,10.0,0
CLI00236,64,Feminino,Básico,19.41,7,1,7.7,0,0,0,5.1,0
CLI00237,17,Feminino,Premium,54.18,16,3,0.9,1,2,0,9.3,0
CLI00238,17,Masculino,Padrão,33.6,9,4,3.0,1,0,0,5.8,1
CLI00239,43,Masculino,Padrão,36.39,15,3,14.5,0,0,0,8.0,0
CLI00240,69,Feminino,Básico,19.54,1,2,10.1,1,1,0,8.3,0
CLI00241,38,Masculino,Padrão,33.6,24,5,6.0,2,0,1,9.3,0
CLI00242,52,Masculino,Padrão,37.54,40,2,9.1,1,2,0,6.6,0
CLI00243,47,Masculino,Padrão,37.74,15,2,10.5,0,2,0,10.0,0
CLI00244,48,Feminino,Básico,18.7,44,1,1.9,0,0,0,5.8,0
CLI00245,16,Masculino,Padrão,31.17,3,4,4.5,0,1,1,7.5,0
CLI00246,34,Feminino,Premium,56.92,10,1,15.7,0,1,0,7.5,0
CLI00247,17,Masculino,Básico,18.53,13,3,7.8,1,0,0,4.8,0
CLI00248,68,Masculino,Básico,21.48,13,2,8.1,0,0,0,6.4,0
CLI00249,59,Masculino,Básico,15.96,8,2,6.4,0,0,0,7.3,0
CLI00250,41,Feminino,Padrão,36.69,6,3,1.2,1,0,0,6.1,1
CLI00251,47,Masculino,Padrão,32.48,2,5,4.1,1,1,0,10.0,1
CLI00252,21,Feminino,Padrão,36.36,7,5,8.7,0,1,0,5.3,0
CLI00253,47,Feminino,Básico,19.93,3,4,4.6,0,0,1,9.4,0
CLI00254,19,Feminino,Padrão,32.99,19,5,2.8,0,0,0,8.7,0
CLI00255,26,Masculino,Padrão,34.09,4,2,3.1,0,1,1,7.0,0
CLI00256,32,Masculino,Padrão,36.27,1,3,15.9,0,3,0,5.3,0
CLI00257,53,Masculino,Premium,55.11,12,2,4.4,2,3,0,5.5,1
CLI00258,39,Masculino,Básico,21.07,13,2,13.9,0,1,1,6.0,0
CLI00259,20,Feminino,Padrão,38.85,29,5,8.1,2,1,0,3.4,0
CLI00260,67,Feminino,Padrão,31.77,13,3,5.5,1,0,0,5.0,0
CLI00261,49,Feminino,Padrão,38.13,6,1,3.5,1,0,0,4.0,0
CLI00262,21,Masculino,Padrão,35.11,23,4,10.2,0,0,0,9.7,0
CLI00263,37,Feminino,Padrão,33.1,11,2,12.9,0,0,0,8.2,0
CLI00264,26,Masculino,Premium,52.24,2,3,10.9,2,1,0,8.6,1
CLI00265,63,Feminino,Básico,19.52,12,3,2.1,5,0,0,8.2,0
CLI00266,31,Masculino,Básico,21.74,34,1,4.4,2,0,0,7.3,0
CLI00267,48,Masculino,Padrão,34.64,8,3,4.8,0,0,1,9.9,0
CLI00268,24,Feminino,Padrão,37.92,5,6,1.0,1,0,0,5.8,1
CLI00269,21,Feminino,Básico,17.0,3,3,9.0,1,0,0,7.2,0
CLI00270,31,Feminino,Básico,19.88,3,4,9.9,0,0,0,8.5,0
CLI00271,44,Feminino,Básico,17.4,8,1,9.7,0,1,0,4.4,0
CLI00272,18,Masculino,Premium,55.63,13,3,8.6,0,0,0,10.0,0
CLI00273,35,Feminino,Básico,21.67,2,2,5.1,1,0,0,7.1,0
CLI00274,51,Feminino,Básico,19.06,40,4,3.4,0,1,0,7.3,0
CLI00275,34,Feminino,Básico,14.69,20,3,5.1,0,0,1,9.5,0
CLI00276,41,Masculino,Padrão,35.3,13,2,8.2,0,0,0,8.8,0
CLI00277,18,Masculino,Básico,20.77,25,3,14.8,0,0,0,7.1,0
CLI00278,34,Feminino,Padrão,35.71,2,2,6.9,1,0,0,7.3,0
CLI00279,35,Masculino,Básico,22.37,10,3,6.7,0,0,0,4.0,0
CLI00280,47,Feminino,Premium,52.76,14,6,1.1,0,0,0,5.9,0
CLI00281,22,Masculino,Básico,21.26,25,4,8.5,0,0,0,8.0,0
CLI00282,67,Masculino,Padrão,37.29,22,5,15.5,0,0,0,7.9,0
CLI00283,56,Masculino,Premium,51.34,5,3,6.0,0,2,0,9.4,0
CLI00284,48,Masculino,Padrão,35.54,40,3,5.7,3,1,0,6.8,0
CLI00285,55,Feminino,Padrão,33.89,2,1,4.9,0,1,0,4.2,1
CLI00286,54,Feminino,Básico,19.74,30,3,10.5,1,1,0,9.1,0
CLI00287,33,Feminino,Básico,20.6,50,2,1.0,1,0,0,9.9,0
CLI00288,55,Masculino,Padrão,33.93,3,2,14.0,0,0,1,8.8,0
CLI00289,16,Feminino,Premium,53.55,18,3,5.5,2,0,1,6.7,0
CLI00290,26,Feminino,Padrão,34.97,1,4,8.6,2,0,0,9.1,0
CLI00291,43,Feminino,Padrão,32.73,8,2,11.0,3,0,0,10.0,1
CLI00292,40,Masculino,Padrão,32.73,11,3,3.1,0,1,1,7.2,0
CLI00293,65,Masculino,Padrão,36.26,13,2,6.4,0,0,0,4.4,1
CLI00294,38,Masculino,Básico,17.6,39,3,5.4,0,0,1,5.8,0
CLI00295,46,Feminino,Padrão,36.23,16,2,2.5,1,0,0,8.3,1
CLI00296,45,Feminino,Premium,55.83,10,2,12.8,0,0,0,3.8,0
CLI00297,57,Feminino,Básico,16.45,24,4,5.1,1,1,0,7.3,1
CLI00298,50,Masculino,Padrão,33.54,43,4,2.4,0,0,0,7.8,0
CLI00299,22,Masculino,Básico,22.29,1,2,6.7,0,1,0,10.0,0
CLI00300,31,Feminino,Padrão,32.94,57,1,1.8,1,1,0,9.6,0
CLI00301,41,Masculino,Básico,18.97,2,4,4.6,1,0,1,8.7,1
CLI00302,63,Masculino,Padrão,35.82,24,4,8.0,1,0,0,2.7,0
CLI00303,67,Masculino,Premium,56.47,5,4,1.6,0,0,0,8.8,0
CLI00304,64,Masculino,Básico,19.4,2,1,10.0,0,0,0,8.4,0
CLI00305,17,Feminino,Padrão,33.7,9,1,7.0,0,2,0,7.5,0
CLI00306,16,Masculino,Premium,57.74,15,1,11.1,0,1,0,3.5,0
CLI00307,63,Masculino,Premium,58.38,7,5,11.0,0,1,0,5.4,0
CLI00308,27,Masculino,Básico,21.86,1,2,4.5,0,1,0,4.7,0
CLI00309,20,Masculino,Padrão,35.07,13,4,4.6,1,1,0,3.0,0
CLI00310,52,Feminino,Básico,18.28,33,1,9.1,0,0,1,7.0,0
CLI00311,47,Feminino,Premium,53.24,7,1,2.7,2,0,0,5.4,1
CLI00312,24,Masculino,Premium,55.95,4,5,2.7,0,0,1,10.0,0
CLI00313,56,Masculino,Padrão,35.74,9,2,4.0,1,0,0,6.7,0
CLI00314,50,Masculino,Premium,57.7,1,3,2.0,1,2,0,9.6,1
CLI00315,34,Masculino,Padrão,36.2,25,5,2.4,1,0,0,3.9,1
CLI00316,63,Masculino,Padrão,31.89,25,2,2.4,1,1,0,5.9,0
CLI00317,31,Masculino,Básico,22.0,13,1,5.1,1,0,0,7.2,1
CLI00318,18,Feminino,Premium,52.9,7,2,4.9,0,2,0,5.2,0
CLI00319,35,Masculino,Básico,19.13,23,3,12.2,1,0,0,6.2,0
CLI00320,39,Feminino,Premium,55.4,12,2,5.2,1,1,0,6.6,1
CLI00321,69,Feminino,Premium,58.89,25,2,6.1,1,1,1,6.5,0
CLI00322,48,Masculino,Padrão,41.12,14,2,18.8,2,1,0,10.0,0
CLI00323,39,Feminino,Básico,21.11,22,4,0.6,2,1,0,7.8,0
CLI00324,67,Feminino,Básico,19.53,13,2,7.5,1,0,1,8.0,0
CLI00325,26,Feminino,Básico,20.97,8,2,5.5,1,1,0,8.1,0
CLI00326,64,Feminino,Padrão,36.68,45,4,8.1,0,0,0,8.2,0
CLI00327,23,Feminino,Básico,19.26,11,2,4.2,0,1,0,6.8,0
CLI00328,51,Feminino,Premium,58.49,14,3,5.2,1,1,0,6.4,1
CLI00329,53,Masculino,Padrão,35.36,4,1,14.3,1,0,0,7.3,0
CLI00330,55,Feminino,Básico,20.9,14,2,9.0,0,1,0,9.3,0
CLI00331,35,Feminino,Padrão,36.23,12,4,5.3,1,1,0,9.3,0
CLI00332,50,Feminino,Padrão,35.74,3,2,3.5,0,1,0,6.5,1
CLI00333,63,Masculino,Padrão,36.58,1,5,2.7,0,0,0,8.5,0
CLI00334,40,Feminino,Padrão,33.67,13,3,4.4,0,1,0,6.6,0
CLI00335,50,Masculino,Premium,53.78,21,1,5.7,0,1,0,7.1,1
CLI00336,40,Feminino,Padrão,32.7,11,5,18.7,1,2,0,6.1,0
CLI00337,44,Masculino,Premium,55.78,4,3,7.1,1,0,0,6.6,0
CLI00338,33,Masculino,Premium,56.46,16,2,3.8,0,0,0,9.7,0
CLI00339,61,Feminino,Básico,20.82,2,2,0.6,1,0,0,7.2,0
CLI00340,33,Feminino,Premium,58.25,9,3,3.4,0,0,0,7.3,0
CLI00341,17,Masculino,Básico,19.89,3,2,4.4,1,0,0,4.1,0
CLI00342,69,Feminino,Premium,56.24,3,3,7.6,1,0,0,6.4,1
CLI00343,50,Masculino,Padrão,32.72,4,3,4.6,1,0,0,6.5,0
CLI00344,31,Masculino,Premium,54.13,7,2,19.3,0,0,0,5.3,0
CLI00345,56,Masculino,Premium,56.29,1,2,5.4,2,1,1,7.0,0
CLI00346,51,Masculino,Premium,56.6,8,6,12.5,0,0,1,6.1,0
CLI00347,48,Masculino,Premium,54.31,11,2,1.5,0,1,1,7.2,1
CLI00348,19,Feminino,Básico,19.76,10,6,6.2,1,1,1,7.2,0
CLI00349,48,Masculino,Básico,16.86,7,5,3.4,1,0,0,5.1,0
CLI00350,29,Masculino,Padrão,34.19,26,3,12.7,1,1,0,6.2,0
CLI00351,36,Feminino,Básico,21.68,3,2,4.8,0,0,0,7.2,0
CLI00352,63,Masculino,Padrão,36.05,10,2,14.6,1,1,0,9.4,0
CLI00353,35,Feminino,Básico,20.9,1,4,9.9,1,0,0,7.5,0
CLI00354,23,Feminino,Premium,55.0,2,3,4.3,2,0,0,5.7,0
CLI00355,22,Feminino,Padrão,34.91,12,2,2.6,0,0,0,7.8,0
CLI00356,18,Masculino,Premium,53.58,12,5,3.6,2,0,0,10.0,0
CLI00357,32,Masculino,Básico,21.3,30,3,5.2,0,1,0,8.8,0
CLI00358,48,Masculino,Premium,55.74,12,2,9.9,0,0,0,8.1,1
CLI00359,63,Feminino,Premium,55.88,45,4,6.3,0,0,1,8.5,0
CLI00360,27,Masculino,Padrão,33.85,1,3,11.1,1,4,0,9.9,1
CLI00361,66,Feminino,Padrão,30.59,2,5,15.3,1,2,1,9.2,0
CLI00362,37,Masculino,Premium,57.09,1,5,6.6,0,0,0,8.1,0
CLI00363,37,Feminino,Básico,18.94,3,2,2.9,0,1,0,9.1,0
CLI00364,61,Masculino,Padrão,33.17,11,5,8.3,1,0,0,4.8,1
CLI00365,45,Masculino,Padrão,36.29,15,1,20.7,1,0,0,4.0,0
CLI00366,53,Masculino,Básico,19.12,1,4,11.5,0,1,0,7.3,0
CLI00367,53,Feminino,Padrão,37.02,41,4,7.9,0,1,0,7.1,0
CLI00368,60,Feminino,Básico,21.13,26,3,3.2,0,3,0,5.9,1
CLI00369,66,Masculino,Básico,21.27,5,4,5.6,1,0,1,8.7,1
CLI00370,69,Masculino,Básico,17.17,2,2,1.6,1,0,0,3.3,1
CLI00371,23,Feminino,Premium,57.32,3,5,2.5,0,2,0,5.9,1
CLI00372,42,Feminino,Padrão,35.42,2,4,8.4,0,0,0,6.0,0
CLI00373,42,Feminino,Premium,54.16,2,1,1.3,0,0,0,3.7,1
CLI00374,49,Masculino,Padrão,35.19,11,3,5.0,1,0,0,10.0,0
CLI00375,36,Feminino,Básico,16.35,4,2,2.3,0,0,0,4.3,1
CLI00376,45,Masculino,Padrão,35.72,7,1,2.6,0,0,0,5.8,0
CLI00377,48,Feminino,Padrão,32.84,64,4,6.7,2,0,0,8.8,0
CLI00378,43,Masculino,Básico,17.19,17,2,3.6,0,1,0,8.3,0
CLI00379,62,Feminino,Padrão,31.86,42,2,1.9,0,0,0,4.8,0
CLI00380,48,Feminino,Básico,22.13,3,2,4.2,2,1,0,8.4,1
CLI00381,20,Feminino,Padrão,33.64,7,5,1.8,2,0,0,7.6,0
CLI00382,63,Feminino,Padrão,37.97,12,4,14.0,0,0,0,10.0,0
CLI00383,34,Feminino,Básico,18.83,2,1,10.3,0,0,0,7.8,0
CLI00384,19,Masculino,Básico,16.49,1,2,10.2,0,0,0,6.7,0
CLI00385,50,Feminino,Premium,52.67,16,5,3.3,1,0,0,5.3,0
CLI00386,64,Feminino,Padrão,37.37,15,3,8.6,2,0,1,5.5,1
CLI00387,32,Feminino,Básico,19.59,8,2,7.4,0,0,0,5.3,1
CLI00388,59,Masculino,Premium,53.8,10,3,3.5,2,0,0,9.7,0
CLI00389,43,Feminino,Básico,20.22,8,2,6.1,0,1,0,7.0,1
CLI00390,45,Masculino,Padrão,35.9,1,4,1.5,0,1,1,8.1,0
CLI00391,44,Feminino,Premium,57.13,6,4,2.7,2,0,0,10.0,1
CLI00392,61,Feminino,Básico,22.8,3,6,5.9,1,1,0,2.3,1
CLI00393,68,Masculino,Básico,19.18,2,2,4.4,2,0,0,9.6,0
CLI00394,21,Feminino,Básico,17.25,44,4,8.1,1,1,0,7.1,0
CLI00395,50,Masculino,Básico,19.07,13,2,3.6,0,2,0,7.9,0
CLI00396,56,Masculino,Básico,20.42,19,5,4.9,0,0,0,5.3,0
CLI00397,52,Feminino,Padrão,32.97,6,3,6.3,0,0,0,5.5,0
CLI00398,39,Masculino,Básico,17.99,7,4,3.4,0,3,0,8.0,1
CLI00399,44,Feminino,Padrão,35.59,4,2,4.8,1,1,0,10.0,0
CLI00400,64,Feminino,Premium,54.8,2,3,7.3,0,0,0,9.0,0
CLI00401,61,Masculino,Premium,54.97,3,3,16.6,1,1,0,9.5,0
CLI00402,68,Masculino,Padrão,33.38,23,3,3.4,2,1,0,6.6,1
CLI00403,46,Masculino,Básico,19.44,16,2,4.4,0,1,1,5.8,0
CLI00404,50,Masculino,Padrão,33.05,12,5,11.5,1,0,0,5.4,0
CLI00405,48,Feminino,Padrão,36.68,10,2,13.3,0,0,0,6.0,0
CLI00406,67,Feminino,Padrão,36.97,36,2,9.2,0,0,0,2.9,0
CLI00407,36,Masculino,Básico,16.21,2,3,13.1,0,0,1,5.6,0
CLI00408,47,Feminino,Premium,53.04,5,3,3.2,0,1,0,5.9,1
CLI00409,38,Feminino,Padrão,31.91,7,6,12.3,0,0,0,6.6,0
CLI00410,48,Feminino,Básico,18.6,22,1,10.5,0,0,1,7.3,1
CLI00411,18,Feminino,Padrão,34.73,69,1,2.6,1,0,0,7.7,0
CLI00412,33,Masculino,Padrão,32.0,4,3,5.0,0,2,0,7.0,0
CLI00413,40,Masculino,Premium,53.06,30,2,0.8,0,0,0,5.8,0
CLI00414,57,Feminino,Padrão,32.89,25,5,7.0,0,1,0,3.1,0
CLI00415,46,Masculino,Premium,55.31,4,5,12.2,0,0,0,5.8,0
CLI00416,69,Masculino,Básico,20.04,8,3,4.2,0,0,1,5.1,0
CLI00417,18,Masculino,Padrão,33.46,8,2,2.8,0,0,1,7.9,0
CLI00418,55,Feminino,Padrão,35.25,54,2,2.7,1,0,0,8.8,0
CLI00419,61,Feminino,Básico,18.81,3,5,6.2,0,0,0,8.9,0
CLI00420,39,Feminino,Básico,19.36,23,2,9.1,0,1,0,8.5,0
CLI00421,65,Masculino,Premium,58.25,6,6,16.8,1,0,1,6.7,0
CLI00422,47,Feminino,Básico,22.58,19,1,0.7,1,0,0,6.0,0
CLI00423,62,Feminino,Padrão,32.3,8,2,15.5,0,0,0,5.5,0
CLI00424,37,Masculino,Básico,21.56,13,4,7.2,0,0,0,4.0,0
CLI00425,38,Feminino,Básico,21.52,26,2,11.8,1,1,0,9.0,0
CLI00426,17,Feminino,Básico,17.6,23,4,10.1,2,1,0,6.7,0
CLI00427,42,Masculino,Premium,56.54,29,3,6.5,0,1,1,4.5,1
CLI00428,57,Masculino,Premium,57.98,1,3,6.3,1,0,0,5.3,0
CLI00429,17,Masculino,Premium,52.65,17,2,8.3,0,1,0,5.3,0
CLI00430,41,Feminino,Padrão,33.06,3,3,5.2,0,1,0,7.1,0
CLI00431,32,Feminino,Básico,21.94,8,1,5.6,1,3,1,9.1,0
CLI00432,55,Feminino,Padrão,35.44,12,2,9.4,0,0,0,6.3,0
CLI00433,48,Masculino,Padrão,36.0,8,1,3.4,0,3,0,2.5,0
CLI00434,24,Masculino,Premium,55.58,11,6,12.5,1,1,1,6.6,0
CLI00435,58,Feminino,Básico,20.68,72,5,11.9,1,0,0,6.7,0
CLI00436,69,Feminino,Padrão,32.25,3,4,4.4,0,0,1,6.6,1
CLI00437,63,Masculino,Básico,21.99,16,2,9.5,1,0,0,5.7,0
CLI00438,54,Masculino,Básico,22.24,8,3,8.7,2,1,0,7.4,0
CLI00439,44,Masculino,Padrão,34.44,2,2,4.1,0,1,0,7.1,0
CLI00440,57,Masculino,Padrão,34.81,3,5,10.0,1,0,0,7.0,0
CLI00441,41,Feminino,Padrão,31.84,42,2,16.3,0,0,0,7.8,0
CLI00442,50,Masculino,Padrão,35.93,30,1,12.8,1,0,0,6.1,0
CLI00443,65,Feminino,Padrão,36.04,34,4,1.8,1,0,0,6.0,0
CLI00444,40,Feminino,Premium,54.78,67,2,8.9,1,2,0,9.8,0
CLI00445,39,Feminino,Premium,57.15,4,4,11.5,0,0,0,8.1,0
CLI00446,28,Masculino,Premium,54.23,7,1,3.9,1,0,1,8.7,0
CLI00447,22,Masculino,Premium,56.03,16,3,12.5,0,1,0,9.5,0
CLI00448,51,Masculino,Básico,17.86,10,3,3.5,0,0,0,8.1,0
CLI00449,60,Masculino,Padrão,34.85,8,2,5.2,1,0,0,8.9,0
CLI00450,35,Feminino,Padrão,34.55,7,4,3.6,3,1,0,3.8,1
CLI00451,16,Masculino,Básico,20.35,13,4,3.2,0,0,0,7.4,0
CLI00452,23,Masculino,Premium,54.16,12,2,8.3,1,2,0,6.6,1
CLI00453,61,Feminino,Básico,19.64,3,2,2.0,0,0,0,10.0,0
CLI00454,31,Masculino,Premium,56.55,9,4,5.4,0,2,0,8.9,0
CLI00455,29,Feminino,Padrão,34.03,12,2,8.3,0,1,0,5.7,1
CLI00456,27,Feminino,Padrão,31.69,12,1,3.7,0,0,0,7.7,0
CLI00457,66,Feminino,Padrão,38.4,4,2,13.9,0,0,0,7.3,0
CLI00458,38,Feminino,Premium,57.66,19,4,5.7,1,1,0,7.9,0
CLI00459,30,Feminino,Padrão,32.32,1,5,17.9,0,0,0,5.0,0
CLI00460,43,Feminino,Padrão,36.28,7,3,1.8,0,0,0,7.7,0
CLI00461,49,Feminino,Básico,18.89,22,1,8.5,1,1,0,6.5,0
CLI00462,17,Feminino,Padrão,35.43,12,3,7.4,2,1,0,7.6,1
CLI00463,47,Masculino,Básico,20.49,5,2,4.8,0,0,1,5.6,0
CLI00464,38,Masculino,Padrão,34.43,17,4,6.5,0,0,0,5.8,0
CLI00465,37,Masculino,Padrão,33.33,12,3,9.3,3,0,0,9.3,1
CLI00466,66,Masculino,Padrão,33.52,23,3,10.5,1,0,0,4.9,1
CLI00467,40,Feminino,Básico,18.07,19,3,5.9,0,0,1,5.0,0
CLI00468,37,Masculino,Básico,18.24,14,1,8.6,2,0,0,6.9,0
CLI00469,37,Feminino,Padrão,34.77,10,4,3.4,0,1,1,5.5,0
CLI00470,64,Masculino,Básico,18.47,3,3,10.7,0,1,0,5.2,0
CLI00471,67,Masculino,Básico,21.26,5,1,15.7,0,1,0,7.2,0
CLI00472,57,Masculino,Básico,22.87,8,3,11.2,0,1,0,4.0,0
CLI00473,21,Feminino,Premium,53.74,13,3,3.6,2,1,0,5.0,0
CLI00474,30,Masculino,Padrão,35.38,11,3,2.9,1,1,0,10.0,0
CLI00475,69,Feminino,Padrão,35.9,5,3,25.1,1,0,1,7.9,0
CLI00476,58,Feminino,Básico,20.84,1,4,15.0,0,0,0,5.5,1
CLI00477,52,Masculino,Básico,20.05,10,2,10.6,1,0,0,7.8,0
CLI00478,48,Masculino,Premium,56.39,5,3,16.4,2,0,1,8.1,0
CLI00479,23,Masculino,Padrão,35.86,19,3,6.4,1,1,0,9.0,0
CLI00480,68,Feminino,Básico,17.42,1,4,10.4,1,0,0,6.7,0
CLI00481,59,Masculino,Básico,21.64,13,3,13.8,0,0,0,9.0,0
CLI00482,59,Feminino,Básico,21.67,40,5,5.2,0,1,0,2.9,0
CLI00483,20,Feminino,Padrão,33.37,3,3,8.9,1,0,0,4.9,1
CLI00484,54,Masculino,Premium,54.98,9,2,12.9,1,1,0,7.3,1
CLI00485,19,Masculino,Básico,21.27,2,2,2.8,2,0,1,7.7,1
CLI00486,21,Feminino,Básico,19.48,14,1,4.9,0,0,0,5.2,0
CLI00487,60,Feminino,Básico,22.05,12,3,12.7,1,1,0,7.5,0
CLI00488,47,Feminino,Premium,59.63,8,5,7.5,1,0,0,5.8,0
CLI00489,67,Masculino,Básico,18.33,11,2,6.8,0,0,0,6.4,1
CLI00490,45,Feminino,Premium,52.14,32,1,6.3,1,0,0,9.0,0
CLI00491,62,Masculino,Padrão,35.51,4,3,13.5,0,1,0,8.8,0
CLI00492,50,Feminino,Padrão,36.34,1,1,3.0,0,0,0,5.0,0
CLI00493,55,Feminino,Básico,19.44,28,1,4.6,2,0,0,4.9,0
CLI00494,67,Masculino,Básico,22.81,13,4,2.0,0,2,0,6.2,0
CLI00495,31,Feminino,Padrão,32.22,31,3,5.1,0,1,0,6.9,0
CLI00496,28,Masculino,Premium,56.29,13,4,7.2,0,0,0,5.7,0
CLI00497,65,Masculino,Padrão,33.69,24,2,1.1,0,0,0,9.1,0
CLI00498,57,Feminino,Padrão,38.34,8,2,3.4,1,0,0,7.7,1
CLI00499,45,Masculino,Básico,23.89,20,3,7.5,0,1,0,7.8,0
CLI00500,34,Masculino,Premium,53.37,35,5,8.8,1,0,1,4.5,0
CLI00501,32,Feminino,Premium,53.8,12,4,18.7,1,0,0,9.3,0
CLI00502,34,Masculino,Básico,21.62,3,2,9.7,0,0,1,1.4,1
CLI00503,43,Masculino,Premium,54.13,5,5,5.7,2,1,0,8.7,1
CLI00504,41,Masculino,Padrão,34.81,4,2,7.1,2,0,1,8.9,1
CLI00505,52,Feminino,Padrão,34.95,4,4,7.3,0,1,0,6.1,0
CLI00506,41,Masculino,Padrão,31.06,6,2,4.6,1,1,0,9.5,1
CLI00507,68,Feminino,Premium,54.87,12,2,7.7,1,2,0,6.9,1
CLI00508,38,Feminino,Padrão,33.52,13,3,4.4,1,0,0,7.1,0
CLI00509,24,Masculino,Básico,18.91,8,4,8.0,0,0,0,7.7,0
CLI00510,27,Masculino,Básico,22.79,14,2,6.3,1,0,0,10.0,0
CLI00511,68,Masculino,Premium,52.39,2,4,5.5,0,0,0,9.7,0
CLI00512,16,Feminino,Básico,21.53,2,3,5.7,0,0,0,8.4,0
CLI00513,16,Masculino,Padrão,34.34,3,3,10.8,0,1,1,5.2,0
CLI00514,62,Masculino,Padrão,34.34,11,3,10.1,1,0,0,7.3,0
CLI00515,49,Masculino,Padrão,36.48,4,1,5.3,1,0,0,5.4,1
CLI00516,47,Masculino,Padrão,35.58,5,6,10.5,1,0,0,8.6,0
CLI00517,69,Masculino,Premium,56.04,8,3,6.2,2,1,0,7.3,0
CLI00518,63,Feminino,Básico,21.84,24,3,6.2,1,1,0,4.8,0
CLI00519,40,Feminino,Básico,19.24,1,1,4.6,2,0,0,7.2,0
CLI00520,55,Masculino,Básico,18.68,15,5,17.5,1,0,0,5.3,0
CLI00521,60,Masculino,Premium,52.73,16,2,16.3,0,1,1,7.3,0
CLI00522,68,Masculino,Padrão,33.25,23,2,3.9,0,0,0,5.3,0
CLI00523,16,Masculino,Básico,25.8,38,6,5.1,0,0,0,7.1,0
CLI00524,31,Feminino,Premium,57.39,1,1,8.4,1,1,0,8.5,0
CLI00525,54,Masculino,Premium,52.2,3,3,9.5,1,0,0,6.9,0
CLI00526,20,Feminino,Premium,52.26,31,2,2.8,0,0,0,6.2,0
CLI00527,37,Feminino,Premium,55.86,9,4,3.2,1,2,0,7.4,0
CLI00528,44,Masculino,Básico,20.99,12,3,9.5,1,1,0,8.4,0
CLI00529,18,Feminino,Premium,56.0,16,6,1.8,1,0,0,4.8,1
CLI00530,27,Feminino,Padrão,34.39,16,4,3.9,0,2,0,7.5,0
CLI00531,41,Feminino,Premium,54.65,38,3,11.6,2,0,1,9.6,0
CLI00532,31,Feminino,Padrão,35.56,72,3,11.2,0,1,0,8.1,0
CLI00533,66,Masculino,Premium,55.07,18,2,16.9,0,1,0,7.1,0
CLI00534,52,Masculino,Padrão,30.46,5,1,20.5,0,0,0,8.3,0
CLI00535,37,Feminino,Básico,19.44,30,2,31.5,2,0,0,7.9,0
CLI00536,44,Masculino,Padrão,33.2,1,4,5.0,0,0,0,8.5,1
CLI00537,29,Masculino,Premium,55.25,4,2,4.1,1,0,0,3.0,1
CLI00538,43,Masculino,Premium,60.87,32,2,8.6,1,0,0,3.9,0
CLI00539,20,Masculino,Básico,20.63,5,1,2.0,1,2,0,9.0,0
CLI00540,62,Masculino,Básico,19.27,4,3,5.5,1,0,1,4.0,0
CLI00541,64,Feminino,Básico,21.74,3,4,7.2,0,0,0,7.8,1
CLI00542,45,Masculino,Padrão,35.87,28,5,9.1,1,0,0,6.3,0
CLI00543,61,Masculino,Premium,55.74,10,3,9.7,0,0,1,5.0,0
CLI00544,67,Masculino,Básico,21.11,16,4,5.3,0,0,1,7.7,0
CLI00545,20,Masculino,Padrão,39.01,4,4,2.3,0,0,0,7.4,0
CLI00546,27,Feminino,Premium,52.64,20,3,2.8,2,0,0,10.0,0
CLI00547,31,Feminino,Padrão,35.85,20,4,1.0,1,0,0,5.8,1
CLI00548,41,Feminino,Padrão,33.05,6,1,4.2,1,1,0,9.9,0
CLI00549,41,Feminino,Padrão,36.01,8,3,2.0,1,4,0,7.7,1
CLI00550,63,Masculino,Padrão,33.06,4,3,4.5,0,0,0,5.7,0
CLI00551,36,Feminino,Básico,19.07,53,5,8.6,0,0,0,8.6,0
CLI00552,54,Masculino,Padrão,34.31,15,3,2.4,0,3,0,8.1,1
CLI00553,51,Masculino,Padrão,36.85,39,3,7.0,1,1,0,7.1,0
CLI00554,48,Masculino,Premium,56.74,6,3,5.3,1,0,0,7.5,0
CLI00555,45,Masculino,Padrão,32.41,22,3,8.3,2,1,0,5.8,0
CLI00556,52,Masculino,Premium,55.01,21,2,9.6,2,1,0,5.3,0
CLI00557,38,Feminino,Básico,18.48,17,3,5.0,1,1,0,8.5,0
CLI00558,25,Feminino,Padrão,32.38,48,4,6.5,0,3,0,6.6,0
CLI00559,69,Feminino,Básico,19.47,8,2,5.3,0,1,0,6.8,0
CLI00560,20,Feminino,Básico,19.28,2,4,4.6,1,0,0,7.6,0
CLI00561,51,Masculino,Padrão,39.75,16,4,3.8,0,0,0,7.5,0
CLI00562,49,Feminino,Premium,55.77,19,2,9.0,0,1,1,4.1,1
CLI00563,67,Masculino,Básico,17.14,12,2,15.0,1,1,1,9.6,0
CLI00564,46,Feminino,Padrão,33.77,4,5,13.9,0,0,0,7.2,1
CLI00565,25,Masculino,Premium,56.94,10,3,2.2,0,1,1,6.6,0
CLI00566,34,Masculino,Básico,24.08,6,2,14.8,3,1,0,7.9,0
CLI00567,47,Feminino,Padrão,31.73,8,2,3.1,0,0,0,7.5,0
CLI00568,16,Masculino,Padrão,31.14,15,1,7.2,1,0,1,8.5,0
CLI00569,20,Masculino,Padrão,38.64,20,3,8.2,0,0,0,8.1,0
CLI00570,60,Feminino,Básico,20.68,4,4,1.7,0,0,0,8.4,0
CLI00571,19,Masculino,Padrão,33.16,8,3,5.7,1,0,0,9.7,0
CLI00572,31,Feminino,Premium,55.97,5,2,15.4,0,0,0,8.8,0
CLI00573,39,Feminino,Padrão,29.63,4,2,0.6,1,0,0,6.7,1
CLI00574,31,Feminino,Básico,19.91,22,5,26.3,0,0,0,4.8,0
CLI00575,17,Masculino,Premium,55.56,34,2,0.9,0,1,0,10.0,0
CLI00576,64,Masculino,Básico,21.75,7,2,8.0,2,1,0,6.5,0
CLI00577,43,Masculino,Padrão,32.87,20,4,1.8,1,1,0,6.1,1
CLI00578,47,Feminino,Básico,20.07,32,2,8.9,2,0,1,3.5,0
CLI00579,42,Masculino,Premium,53.05,27,2,13.5,1,1,0,7.7,0
CLI00580,35,Feminino,Padrão,35.41,3,4,11.2,0,2,0,7.3,0
CLI00581,39,Feminino,Básico,18.11,44,3,12.4,1,1,0,4.0,0
CLI00582,27,Masculino,Básico,19.08,7,3,5.3,0,0,0,7.9,0
CLI00583,65,Feminino,Básico,17.91,6,3,15.4,0,0,0,6.0,0
CLI00584,50,Masculino,Premium,56.2,1,3,22.6,0,1,0,10.0,0
CLI00585,48,Masculino,Premium,56.62,10,4,7.0,1,1,0,5.9,1
CLI00586,48,Masculino,Padrão,34.43,2,4,4.9,1,0,1,6.1,0
CLI00587,66,Masculino,Padrão,34.98,5,6,3.5,0,1,0,5.3,1
CLI00588,58,Masculino,Padrão,32.0,6,2,10.7,0,1,0,9.6,0
CLI00589,52,Feminino,Premium,54.3,24,4,12.8,0,0,0,6.3,0
CLI00590,27,Feminino,Padrão,34.8,30,2,4.9,2,0,0,5.6,0
CLI00591,18,Feminino,Padrão,40.14,6,1,17.5,2,1,0,8.4,0
CLI00592,16,Masculino,Padrão,32.68,28,3,10.1,1,0,0,4.2,0
CLI00593,48,Masculino,Padrão,37.83,28,4,6.9,0,0,0,8.3,0
CLI00594,55,Masculino,Básico,21.89,21,2,8.2,0,0,0,10.0,0
CLI00595,25,Feminino,Padrão,35.46,3,5,2.9,0,0,0,8.1,0
CLI00596,58,Masculino,Padrão,38.42,17,2,10.6,0,0,1,8.3,0
CLI00597,59,Feminino,Premium,55.64,41,1,3.0,0,1,1,8.7,0
CLI00598,44,Feminino,Básico,20.68,17,3,4.4,0,1,0,10.0,0
CLI00599,28,Masculino,Padrão,34.79,6,1,6.2,3,0,0,9.4,0
CLI00600,27,Masculino,Padrão,37.35,10,5,20.4,0,0,0,7.9,0
CLI00601,46,Feminino,Padrão,37.09,15,2,7.7,0,1,0,8.8,0
CLI00602,61,Masculino,Básico,18.65,11,3,3.3,0,0,0,5.2,1
CLI00603,17,Feminino,Padrão,32.26,2,2,8.2,1,0,0,8.6,0
CLI00604,66,Masculino,Padrão,34.49,6,2,9.7,1,1,0,5.0,0
CLI00605,65,Masculino,Padrão,33.3,23,2,14.2,0,2,0,6.3,0
CLI00606,50,Feminino,Padrão,34.77,28,3,6.4,0,0,1,1.0,0
CLI00607,38,Masculino,Padrão,37.37,3,2,3.7,1,0,0,7.8,0
CLI00608,32,Feminino,Premium,53.99,43,3,23.8,0,0,0,5.7,0
CLI00609,41,Masculino,Básico,19.81,6,4,8.2,0,0,0,9.2,0
CLI00610,23,Feminino,Premium,55.02,16,5,3.3,0,0,1,7.8,0
CLI00611,44,Feminino,Padrão,36.6,20,3,6.4,0,0,0,9.2,0
CLI00612,41,Masculino,Básico,15.41,24,3,4.4,2,0,0,4.8,0
CLI00613,25,Feminino,Básico,18.69,41,4,14.7,0,0,0,9.1,0
CLI00614,41,Masculino,Básico,20.32,6,4,9.7,1,1,0,10.0,0
CLI00615,49,Masculino,Premium,57.3,28,3,5.1,0,1,0,8.5,0
CLI00616,66,Masculino,Padrão,33.92,2,4,12.8,0,0,0,8.6,0
CLI00617,56,Feminino,Premium,51.15,18,2,6.0,0,0,0,7.3,0
CLI00618,22,Feminino,Padrão,36.14,19,5,6.3,2,0,0,6.0,0
CLI00619,19,Masculino,Padrão,33.63,16,1,3.6,0,0,0,8.5,0
CLI00620,68,Masculino,Básico,17.52,5,6,3.6,0,2,0,4.0,1
CLI00621,65,Feminino,Básico,18.65,29,3,22.8,0,0,0,6.2,0
CLI00622,60,Masculino,Padrão,34.53,3,2,12.4,2,0,0,3.5,1
CLI00623,26,Masculino,Básico,18.69,1,2,1.1,2,0,0,5.6,1
CLI00624,44,Feminino,Básico,15.49,18,2,3.0,0,0,0,8.3,0
CLI00625,51,Masculino,Padrão,36.69,10,3,2.5,0,0,1,8.0,0
CLI00626,40,Feminino,Padrão,37.45,27,2,6.8,1,0,0,7.1,0
CLI00627,36,Masculino,Premium,56.2,7,5,4.7,3,0,1,7.3,0
CLI00628,51,Feminino,Premium,52.62,3,4,16.7,1,0,1,3.2,0
CLI00629,25,Masculino,Padrão,34.5,26,1,5.1,1,0,0,6.3,0
CLI00630,52,Masculino,Padrão,34.89,12,3,21.4,0,0,1,5.6,0
CLI00631,24,Feminino,Padrão,36.1,3,1,6.1,1,1,0,5.7,1
CLI00632,39,Masculino,Premium,56.24,18,1,24.3,0,3,0,8.2,0
CLI00633,50,Feminino,Básico,18.43,11,3,5.6,1,1,0,5.3,1
CLI00634,64,Masculino,Padrão,35.06,13,4,5.7,1,0,0,5.8,0
CLI00635,50,Feminino,Premium,55.81,9,3,12.2,1,0,0,2.8,0
CLI00636,63,Feminino,Padrão,37.81,25,3,11.1,0,3,0,6.4,0
CLI00637,51,Feminino,Padrão,36.31,25,2,2.1,0,2,0,4.8,0
CLI00638,33,Feminino,Padrão,36.48,18,1,6.9,1,0,0,7.2,0
CLI00639,64,Masculino,Básico,20.07,2,3,4.7,0,3,0,5.1,0
CLI00640,54,Masculino,Padrão,37.72,26,4,4.5,1,0,0,7.2,0
CLI00641,47,Feminino,Básico,20.72,16,4,6.9,0,0,0,6.7,0
CLI00642,39,Feminino,Básico,18.18,17,4,5.2,1,1,1,10.0,0
CLI00643,38,Feminino,Básico,22.71,7,4,7.4,0,0,0,8.0,0
CLI00644,47,Masculino,Premium,56.3,30,1,2.8,0,0,0,3.3,0
CLI00645,52,Masculino,Básico,19.01,19,2,1.7,1,2,1,4.5,0
CLI00646,27,Masculino,Padrão,33.94,2,3,12.5,1,1,0,7.1,0
CLI00647,64,Masculino,Básico,20.49,8,2,13.8,0,0,0,5.1,0
CLI00648,28,Feminino,Premium,55.83,31,5,12.0,0,0,0,1.1,0
CLI00649,38,Feminino,Básico,20.29,1,1,6.7,0,1,0,9.7,0
CLI00650,40,Feminino,Padrão,35.52,46,2,4.9,1,1,1,8.4,0
CLI00651,50,Masculino,Premium,58.3,16,5,4.0,0,0,0,8.0,0
CLI00652,56,Masculino,Premium,57.04,14,2,3.4,0,1,0,5.8,0
CLI00653,45,Masculino,Básico,20.28,5,3,6.1,1,1,0,7.9,1
CLI00654,32,Feminino,Premium,56.78,5,5,13.6,2,0,0,5.6,1
CLI00655,64,Feminino,Padrão,32.83,40,3,3.7,0,0,0,7.4,0
CLI00656,35,Masculino,Padrão,35.7,5,4,13.6,0,0,1,5.2,0
CLI00657,63,Feminino,Básico,23.52,21,2,1.7,1,1,1,10.0,1
CLI00658,40,Masculino,Básico,19.46,7,3,7.7,0,0,0,3.9,1
CLI00659,37,Masculino,Padrão,33.2,3,2,8.9,1,0,0,9.5,0
CLI00660,28,Feminino,Padrão,33.6,1,4,4.3,1,1,0,7.1,0
CLI00661,34,Masculino,Padrão,32.72,12,4,2.7,1,0,0,6.0,0
CLI00662,64,Feminino,Padrão,33.33,53,2,11.5,2,0,0,7.3,0
CLI00663,51,Masculino,Premium,54.16,7,4,6.7,2,1,0,8.5,0
CLI00664,27,Feminino,Básico,17.09,7,4,29.0,1,0,1,9.7,0
CLI00665,56,Feminino,Padrão,34.93,6,4,13.7,2,1,0,7.6,0
CLI00666,34,Feminino,Básico,21.7,11,3,13.8,0,1,0,5.2,0
CLI00667,27,Masculino,Premium,53.08,9,1,0.5,1,1,0,7.1,1
CLI00668,24,Masculino,Padrão,37.94,30,5,3.8,0,1,0,10.0,0
CLI00669,22,Feminino,Premium,55.92,10,2,2.4,0,1,0,9.7,1
CLI00670,43,Feminino,Básico,21.96,10,3,0.9,0,0,0,8.8,0
CLI00671,29,Masculino,Básico,18.58,3,3,6.4,0,1,0,8.6,0
CLI00672,46,Masculino,Básico,21.61,57,2,11.3,3,0,0,8.4,0
CLI00673,67,Masculino,Básico,17.72,5,3,2.9,0,0,0,9.3,0
CLI00674,34,Feminino,Básico,21.68,2,6,1.0,0,0,0,6.1,0
CLI00675,62,Masculino,Premium,55.24,16,1,3.1,0,2,0,4.3,1
CLI00676,31,Masculino,Básico,21.01,13,5,5.8,2,2,0,7.1,1
CLI00677,68,Feminino,Básico,17.55,8,3,5.5,2,1,0,5.4,1
CLI00678,20,Masculino,Premium,53.11,8,2,6.6,0,1,1,4.9,0
CLI00679,50,Masculino,Padrão,36.09,22,3,8.7,0,0,0,5.6,0
CLI00680,27,Masculino,Premium,53.0,4,5,6.5,0,0,0,10.0,0
CLI00681,40,Feminino,Básico,20.83,25,2,11.7,1,0,1,7.3,0
CLI00682,67,Feminino,Padrão,32.17,15,3,3.0,1,1,0,7.7,0
CLI00683,36,Feminino,Básico,21.6,8,3,5.3,0,0,0,4.6,0
CLI00684,51,Feminino,Básico,17.43,9,6,9.7,0,1,0,3.3,0
CLI00685,68,Feminino,Premium,56.0,5,2,8.0,0,0,0,5.4,1
CLI00686,38,Feminino,Básico,21.15,20,1,19.8,0,2,1,9.9,0
CLI00687,31,Feminino,Padrão,33.51,11,3,3.1,1,0,0,7.7,1
CLI00688,54,Masculino,Padrão,36.06,6,2,9.9,1,1,0,8.2,0
CLI00689,60,Masculino,Básico,20.42,13,1,4.0,2,0,0,8.5,0
CLI00690,68,Feminino,Premium,53.82,72,2,3.6,0,0,0,5.8,0
CLI00691,57,Masculino,Básico,17.88,8,2,13.2,0,0,0,9.8,0
CLI00692,54,Masculino,Padrão,30.97,36,3,6.4,0,1,0,5.7,0
CLI00693,29,Feminino,Premium,55.6,6,3,7.9,2,2,0,9.8,0
CLI00694,46,Masculino,Padrão,31.77,1,3,4.2,0,0,0,7.9,0
CLI00695,20,Masculino,Premium,55.09,4,1,4.4,0,1,1,3.4,1
CLI00696,50,Masculino,Básico,19.37,8,4,1.6,1,0,0,5.5,1
CLI00697,38,Masculino,Padrão,36.26,4,2,7.4,2,1,0,3.4,1
CLI00698,44,Masculino,Básico,19.3,1,2,2.7,0,0,0,9.3,0
CLI00699,58,Feminino,Padrão,34.24,35,4,5.9,0,2,1,7.0,0
CLI00700,26,Feminino,Premium,56.36,26,2,11.7,0,1,0,2.5,0
CLI00701,33,Feminino,Básico,20.57,19,1,1.2,1,0,0,7.8,0
CLI00702,62,Masculino,Padrão,35.53,3,2,33.8,1,2,0,5.9,0
CLI00703,27,Feminino,Básico,20.84,2,3,3.6,0,0,1,4.0,0
CLI00704,24,Masculino,Padrão,31.83,1,3,6.0,0,0,0,10.0,0
CLI00705,25,Masculino,Padrão,36.41,19,2,7.9,0,0,0,7.2,0
CLI00706,59,Masculino,Premium,56.12,37,2,3.5,1,0,0,6.4,0
CLI00707,32,Masculino,Padrão,32.87,8,5,4.5,2,0,1,6.2,1
CLI00708,53,Feminino,Básico,19.41,2,4,13.5,1,0,0,4.0,1
CLI00709,22,Feminino,Básico,19.82,11,1,10.9,1,0,1,4.4,0
CLI00710,61,Masculino,Básico,19.63,7,2,5.4,1,0,1,9.6,0
CLI00711,28,Feminino,Básico,20.57,7,4,6.5,0,1,0,6.1,0
CLI00712,55,Masculino,Básico,22.76,14,4,7.2,0,0,0,7.0,0
CLI00713,57,Feminino,Premium,57.06,18,2,9.6,0,2,0,2.9,1
CLI00714,24,Feminino,Padrão,32.28,2,3,10.0,2,0,1,4.4,0
CLI00715,65,Masculino,Padrão,36.14,1,4,9.9,0,1,0,8.2,0
CLI00716,42,Feminino,Básico,22.56,72,2,4.8,0,1,1,7.8,0
CLI00717,17,Masculino,Premium,55.67,4,1,7.1,0,0,0,10.0,1
CLI00718,20,Feminino,Padrão,37.08,1,3,12.6,0,0,0,9.7,0
CLI00719,44,Masculino,Básico,23.92,3,4,23.8,0,2,0,6.5,0
CLI00720,52,Masculino,Padrão,36.95,1,3,6.9,1,0,0,7.9,0
CLI00721,53,Feminino,Padrão,35.4,7,4,4.3,0,0,1,6.4,0
CLI00722,34,Feminino,Básico,21.99,23,1,3.4,1,0,0,10.0,0
CLI00723,23,Masculino,Padrão,35.19,6,3,9.9,1,1,0,9.3,0
CLI00724,63,Feminino,Padrão,34.95,9,5,1.6,1,1,0,7.3,0
CLI00725,60,Feminino,Básico,19.2,16,5,10.0,0,2,0,7.4,0
CLI00726,16,Masculino,Premium,58.03,10,3,10.1,2,0,0,9.9,0
CLI00727,37,Masculino,Premium,53.26,28,3,4.4,0,0,0,8.2,0
CLI00728,67,Feminino,Padrão,37.96,29,2,7.7,0,0,1,10.0,0
CLI00729,32,Masculino,Padrão,35.9,1,2,5.5,0,0,0,2.6,1
CLI00730,22,Masculino,Padrão,32.1,22,1,2.0,1,0,0,7.9,1
CLI00731,40,Masculino,Padrão,35.64,9,3,9.5,0,1,0,6.0,0
CLI00732,60,Feminino,Padrão,30.7,63,1,8.9,1,3,0,10.0,0
CLI00733,19,Feminino,Básico,21.15,10,2,4.7,2,0,0,10.0,0
CLI00734,51,Masculino,Padrão,36.67,61,4,23.5,1,0,0,7.1,0
CLI00735,21,Feminino,Premium,53.72,20,1,6.6,0,0,0,10.0,0
CLI00736,46,Masculino,Padrão,35.15,5,3,1.1,0,0,0,10.0,0
CLI00737,34,Feminino,Básico,23.81,11,2,13.0,0,1,0,7.1,0
CLI00738,59,Masculino,Premium,53.89,68,3,11.1,2,0,0,10.0,0
CLI00739,69,Masculino,Básico,17.78,28,1,12.0,1,1,1,6.9,0
CLI00740,54,Feminino,Básico,22.86,2,3,2.9,1,0,0,6.6,1
CLI00741,42,Masculino,Básico,23.83,18,2,7.6,0,1,0,8.7,0
CLI00742,25,Feminino,Básico,19.91,6,4,6.5,2,1,0,6.3,0
CLI00743,41,Feminino,Premium,56.92,1,4,5.7,0,1,0,7.2,0
CLI00744,34,Masculino,Padrão,37.58,8,3,15.3,2,0,0,9.8,0
CLI00745,54,Masculino,Básico,18.42,4,3,6.6,0,0,0,7.0,0
CLI00746,18,Feminino,Premium,53.93,24,3,4.8,0,0,0,3.6,1
CLI00747,60,Masculino,Premium,57.36,6,1,4.8,1,0,0,7.7,0
CLI00748,28,Masculino,Premium,58.27,25,3,2.7,0,0,0,5.6,0
CLI00749,65,Masculino,Básico,21.03,1,3,7.1,1,0,0,8.7,0
CLI00750,43,Masculino,Padrão,33.14,6,2,16.0,1,0,0,8.4,0
CLI00751,35,Masculino,Premium,58.87,4,4,5.1,0,0,0,9.9,1
CLI00752,43,Feminino,Premium,53.84,4,2,7.9,0,0,0,8.8,0
CLI00753,23,Feminino,Básico,19.23,1,2,5.7,0,1,0,9.2,0
CLI00754,56,Masculino,Básico,20.58,3,3,6.1,1,0,0,5.7,1
CLI00755,54,Masculino,Padrão,38.01,12,2,11.4,0,2,0,8.6,0
CLI00756,16,Masculino,Premium,56.61,5,2,2.6,0,0,0,10.0,0
CLI00757,18,Feminino,Padrão,35.73,8,1,1.7,0,0,0,5.6,0
CLI00758,28,Masculino,Padrão,35.83,7,4,13.0,1,0,0,10.0,0
CLI00759,43,Feminino,Básico,19.99,30,3,4.3,0,1,1,5.9,0
CLI00760,64,Feminino,Padrão,36.02,33,3,4.8,1,1,0,5.3,0
CLI00761,40,Feminino,Premium,49.84,10,5,26.8,3,0,1,7.6,0
CLI00762,48,Masculino,Padrão,34.31,6,2,11.0,2,1,0,8.4,0
CLI00763,53,Feminino,Premium,55.38,2,4,3.2,0,0,0,8.8,0
CLI00764,68,Masculino,Premium,52.6,43,3,13.6,0,3,1,5.1,0
CLI00765,21,Feminino,Básico,20.67,1,3,11.2,0,0,0,7.9,0
CLI00766,59,Masculino,Padrão,34.49,5,2,0.1,1,1,1,5.6,0
CLI00767,60,Feminino,Básico,23.41,5,4,7.3,0,1,0,4.0,0
CLI00768,47,Masculino,Premium,58.05,6,2,2.8,0,0,0,5.1,1
CLI00769,60,Feminino,Padrão,33.97,3,3,6.1,0,1,0,5.5,0
CLI00770,62,Masculino,Padrão,34.6,22,2,23.8,1,0,1,8.0,0
CLI00771,36,Masculino,Premium,54.75,2,4,11.7,1,0,1,9.3,0
CLI00772,31,Masculino,Padrão,34.0,15,4,12.8,1,0,0,4.1,0
CLI00773,69,Masculino,Premium,55.29,2,2,5.7,0,0,0,7.7,0
CLI00774,36,Feminino,Padrão,33.38,2,3,12.8,1,0,0,4.6,0
CLI00775,26,Feminino,Básico,17.64,34,1,3.7,0,0,1,8.3,0
CLI00776,52,Masculino,Padrão,36.15,3,3,7.2,1,1,0,5.8,1
CLI00777,51,Feminino,Premium,56.16,25,3,11.4,0,1,0,4.9,0
CLI00778,50,Masculino,Básico,18.29,12,1,11.1,0,0,0,8.6,0
CLI00779,34,Masculino,Premium,56.69,2,4,1.8,0,0,0,5.8,1
CLI00780,35,Feminino,Premium,53.64,44,5,20.6,0,2,0,6.4,0
CLI00781,33,Masculino,Básico,20.41,4,1,3.1,0,0,1,2.6,0
CLI00782,62,Masculino,Premium,56.54,28,4,29.8,2,0,0,8.9,0
CLI00783,56,Feminino,Básico,19.83,3,2,11.6,1,3,1,8.6,1
CLI00784,64,Masculino,Básico,20.81,27,3,10.9,0,1,0,7.0,0
CLI00785,29,Masculino,Básico,18.87,1,4,3.3,0,0,0,3.9,1
CLI00786,30,Masculino,Premium,54.51,11,3,4.4,1,0,0,9.4,0
CLI00787,46,Masculino,Padrão,34.49,21,1,19.5,1,0,0,5.7,0
CLI00788,16,Feminino,Básico,18.41,39,1,17.9,0,2,1,6.1,0
CLI00789,68,Feminino,Padrão,34.55,34,2,5.8,2,1,0,10.0,1
CLI00790,69,Feminino,Padrão,31.8,24,5,5.4,0,1,0,5.6,0
CLI00791,69,Masculino,Básico,18.92,31,2,5.6,1,1,0,8.5,0
CLI00792,18,Masculino,Premium,54.33,4,1,13.7,0,1,0,8.1,0
CLI00793,31,Feminino,Premium,54.39,5,3,12.8,0,1,1,7.8,0
CLI00794,38,Masculino,Padrão,34.42,5,1,8.6,0,0,0,7.6,0
CLI00795,26,Masculino,Premium,54.78,7,4,7.3,0,1,0,7.8,0
CLI00796,27,Masculino,Padrão,35.86,7,4,5.7,0,1,0,7.5,0
CLI00797,25,Masculino,Premium,56.65,12,3,28.3,2,0,0,6.9,0
CLI00798,47,Feminino,Padrão,33.6,3,5,2.0,2,1,0,10.0,0
CLI00799,31,Feminino,Padrão,32.49,17,1,4.9,0,0,0,4.4,1
CLI00800,23,Feminino,Básico,17.82,3,5,8.2,0,0,0,9.0,0
CLI00801,53,Masculino,Premium,53.93,6,2,1.7,1,0,0,8.6,0
CLI00802,27,Feminino,Padrão,34.2,10,3,4.2,1,1,1,8.4,0
CLI00803,39,Feminino,Básico,18.36,23,2,23.6,0,2,0,9.2,0
CLI00804,43,Masculino,Básico,17.31,19,2,12.3,0,1,0,6.8,0
CLI00805,68,Masculino,Padrão,33.99,15,5,4.2,0,0,1,3.3,0
CLI00806,23,Feminino,Padrão,35.26,3,1,4.1,2,0,0,6.9,0
CLI00807,43,Feminino,Padrão,36.09,12,1,2.0,2,0,1,5.0,0
CLI00808,51,Feminino,Premium,53.79,2,4,4.7,1,1,1,5.5,0
CLI00809,41,Feminino,Básico,19.07,7,2,9.6,1,0,0,4.5,0
CLI00810,23,Masculino,Padrão,33.05,8,3,8.5,1,1,0,6.0,1
CLI00811,65,Feminino,Básico,19.84,1,2,4.9,2,1,0,5.8,1
CLI00812,43,Feminino,Premium,53.2,5,3,3.1,0,0,0,2.2,1
CLI00813,43,Masculino,Premium,56.05,44,4,5.7,0,1,0,8.4,0
CLI00814,52,Feminino,Padrão,31.33,43,4,5.6,1,1,0,10.0,0
CLI00815,56,Masculino,Padrão,34.18,7,2,11.2,1,0,0,8.2,0
CLI00816,51,Masculino,Básico,20.5,1,2,7.7,0,0,0,6.6,0
CLI00817,42,Masculino,Padrão,35.27,3,2,7.0,0,0,0,6.9,0
CLI00818,69,Feminino,Premium,60.29,7,3,14.5,0,1,1,6.2,0
CLI00819,32,Feminino,Padrão,35.6,42,3,17.8,2,1,0,7.2,0
CLI00820,24,Masculino,Padrão,32.89,3,5,8.5,0,1,0,6.9,1
CLI00821,48,Feminino,Padrão,34.71,21,5,8.6,0,3,1,5.3,1
CLI00822,68,Feminino,Premium,51.35,2,5,6.0,1,0,0,10.0,0
CLI00823,35,Masculino,Básico,19.74,56,3,3.3,2,0,0,4.0,0
CLI00824,28,Masculino,Básico,18.23,7,3,11.8,1,0,0,8.4,0
CLI00825,43,Feminino,Padrão,36.73,21,1,10.3,0,0,0,6.8,0
CLI00826,63,Masculino,Premium,53.8,6,3,6.4,0,0,0,10.0,0
CLI00827,44,Feminino,Básico,19.67,14,2,7.7,0,1,0,7.7,0
CLI00828,28,Feminino,Básico,18.63,3,3,13.8,0,0,0,6.3,0
CLI00829,61,Feminino,Básico,23.38,3,3,15.4,0,1,0,6.5,0
CLI00830,50,Feminino,Básico,19.26,39,2,0.5,0,1,1,7.1,0
CLI00831,21,Masculino,Padrão,38.57,35,6,4.0,0,0,0,4.7,0
CLI00832,33,Masculino,Padrão,36.53,31,2,6.3,2,0,1,5.5,1
CLI00833,66,Masculino,Padrão,35.86,14,4,2.7,0,1,0,3.4,0
CLI00834,20,Masculino,Padrão,35.64,24,3,7.9,0,1,0,5.2,0
CLI00835,62,Feminino,Padrão,35.69,2,4,4.1,1,0,1,7.2,0
CLI00836,40,Feminino,Premium,51.04,6,5,8.0,0,1,0,7.6,1
CLI00837,17,Masculino,Padrão,34.34,6,2,4.2,0,1,0,3.0,0
CLI00838,25,Feminino,Premium,56.59,15,1,4.4,0,0,0,6.7,1
CLI00839,45,Feminino,Padrão,34.8,7,5,8.0,0,2,0,8.1,0
CLI00840,65,Feminino,Básico,17.09,3,4,12.2,2,1,0,6.7,1
CLI00841,60,Masculino,Padrão,34.8,13,2,9.9,0,1,0,5.7,0
CLI00842,20,Masculino,Básico,23.31,24,3,6.4,0,0,0,6.2,0
CLI00843,48,Masculino,Padrão,37.39,7,5,1.2,0,0,1,5.9,1
CLI00844,69,Feminino,Básico,19.78,2,4,4.3,1,0,0,5.7,0
CLI00845,16,Masculino,Básico,21.8,4,2,3.9,0,0,0,7.3,1
CLI00846,33,Masculino,Premium,54.17,4,1,10.8,0,0,1,10.0,0
CLI00847,47,Masculino,Básico,16.49,5,5,7.3,1,2,0,5.5,1
CLI00848,62,Masculino,Premium,53.05,15,2,7.5,0,0,0,6.4,0
CLI00849,64,Masculino,Básico,23.03,13,2,3.4,0,0,0,6.9,1
CLI00850,26,Masculino,Padrão,34.35,17,4,15.8,0,1,0,5.6,0
CLI00851,36,Feminino,Padrão,34.41,7,4,7.5,1,0,0,9.2,0
CLI00852,41,Feminino,Padrão,34.3,25,3,3.2,0,0,0,2.3,1
CLI00853,40,Masculino,Básico,23.71,4,1,3.4,0,0,0,5.9,0
CLI00854,37,Masculino,Básico,23.15,9,4,8.3,1,0,0,8.6,0
CLI00855,42,Feminino,Básico,24.34,23,2,3.1,0,0,0,6.4,0
CLI00856,64,Feminino,Básico,19.58,3,2,4.0,1,0,0,5.4,0
CLI00857,28,Masculino,Padrão,35.49,2,3,2.6,2,0,0,7.9,1
CLI00858,48,Masculino,Premium,51.87,31,2,10.7,0,0,0,8.8,0
CLI00859,49,Masculino,Premium,57.85,6,2,3.2,1,0,0,7.4,0
CLI00860,56,Masculino,Premium,52.56,17,3,17.5,1,0,0,5.4,0
CLI00861,50,Feminino,Premium,55.33,1,2,9.0,0,2,1,7.9,0
CLI00862,16,Masculino,Padrão,32.71,17,4,2.5,0,0,1,6.2,0
CLI00863,36,Masculino,Básico,18.72,6,2,9.9,2,1,1,8.5,1
CLI00864,63,Masculino,Premium,53.23,1,2,15.8,0,0,0,10.0,0
CLI00865,21,Masculino,Padrão,33.68,14,5,6.2,0,0,0,1.8,0
CLI00866,43,Feminino,Padrão,33.82,4,2,17.0,0,2,0,7.2,1
CLI00867,32,Feminino,Básico,18.8,7,4,9.1,0,0,0,3.5,0
CLI00868,20,Feminino,Padrão,36.57,2,2,4.1,0,3,0,10.0,0
CLI00869,46,Masculino,Padrão,32.69,3,1,23.9,2,0,0,6.1,0
CLI00870,20,Masculino,Premium,55.34,5,4,2.0,0,1,0,8.5,1
CLI00871,53,Feminino,Padrão,37.34,2,2,5.1,0,0,0,6.9,0
CLI00872,18,Masculino,Padrão,33.87,34,1,6.4,1,0,1,5.4,0
CLI00873,68,Masculino,Premium,53.46,1,4,21.4,0,2,0,5.2,0
CLI00874,38,Feminino,Básico,19.44,10,2,10.9,0,1,1,10.0,0
CLI00875,52,Feminino,Padrão,37.26,2,2,9.7,2,1,0,8.9,0
CLI00876,68,Feminino,Básico,20.29,6,5,3.6,1,0,1,10.0,0
CLI00877,52,Feminino,Padrão,33.84,37,3,6.0,0,0,0,7.1,0
CLI00878,25,Masculino,Premium,55.87,3,4,4.2,2,0,1,7.6,0
CLI00879,25,Masculino,Básico,17.7,48,3,9.4,1,0,0,6.5,0
CLI00880,34,Feminino,Premium,56.26,4,2,14.2,2,0,0,6.4,0
CLI00881,32,Masculino,Básico,20.72,19,1,27.3,2,1,0,4.9,0
CLI00882,36,Feminino,Premium,54.28,12,3,4.6,1,0,0,7.2,0
CLI00883,29,Feminino,Premium,53.22,31,1,1.9,0,0,1,5.4,0
CLI00884,24,Masculino,Premium,53.13,12,4,5.2,1,0,1,7.9,0
CLI00885,61,Feminino,Básico,20.97,11,2,12.9,0,0,0,7.3,0
CLI00886,16,Masculino,Premium,57.36,4,1,3.3,1,1,0,7.6,0
CLI00887,66,Masculino,Padrão,33.63,3,2,6.5,0,1,0,10.0,1
CLI00888,60,Masculino,Básico,20.82,35,2,9.7,1,0,1,6.9,0
CLI00889,28,Masculino,Premium,50.73,6,5,4.7,0,0,0,8.5,0
CLI00890,19,Feminino,Básico,18.73,7,4,7.7,0,1,0,10.0,0
CLI00891,16,Masculino,Premium,54.84,20,4,3.0,0,0,0,9.6,0
CLI00892,64,Feminino,Básico,18.08,6,2,14.8,1,1,0,9.3,0
CLI00893,55,Feminino,Padrão,33.03,43,3,5.5,0,0,0,6.4,0
CLI00894,47,Feminino,Padrão,33.56,19,4,7.5,1,1,0,7.5,0
CLI00895,49,Feminino,Básico,20.48,13,4,1.2,0,0,0,4.4,1
CLI00896,43,Masculino,Básico,19.53,30,5,2.7,1,2,0,8.0,0
CLI00897,46,Masculino,Básico,15.42,1,1,12.7,1,0,0,7.5,0
CLI00898,23,Feminino,Padrão,30.66,5,1,4.6,0,2,0,7.0,1
CLI00899,54,Feminino,Básico,18.69,9,4,3.2,0,0,0,9.1,0
CLI00900,41,Masculino,Padrão,35.82,4,3,1.8,0,0,0,4.6,0
CLI00901,49,Feminino,Básico,14.4,20,2,14.7,1,4,0,10.0,1
CLI00902,69,Masculino,Básico,18.9,36,2,10.6,1,0,1,8.8,0
CLI00903,69,Feminino,Padrão,33.85,8,2,10.1,0,1,1,6.9,0
CLI00904,18,Masculino,Básico,22.68,6,4,18.5,0,0,1,6.7,0
CLI00905,65,Feminino,Premium,54.13,46,2,5.1,0,0,1,8.0,0
CLI00906,27,Feminino,Premium,55.67,9,1,1.9,1,1,0,10.0,0
CLI00907,16,Masculino,Padrão,35.18,10,2,6.8,0,0,0,7.2,1
CLI00908,69,Feminino,Padrão,30.64,7,6,20.8,1,1,0,7.3,0
CLI00909,59,Feminino,Premium,56.44,34,2,6.9,0,0,1,7.0,0
CLI00910,20,Masculino,Básico,20.33,12,1,13.9,0,1,0,10.0,1
CLI00911,45,Feminino,Básico,20.92,21,4,2.0,3,0,0,6.3,0
CLI00912,45,Masculino,Básico,27.75,24,3,3.6,1,0,0,6.9,0
CLI00913,32,Masculino,Premium,50.73,6,2,12.2,0,2,0,9.9,1
CLI00914,63,Feminino,Básico,23.35,8,2,7.4,1,1,0,7.3,0
CLI00915,62,Feminino,Padrão,34.33,27,5,6.1,0,0,1,9.3,0
CLI00916,38,Feminino,Premium,55.47,7,2,13.8,0,0,0,5.2,0
CLI00917,30,Feminino,Premium,54.81,23,3,12.1,0,0,1,6.6,0
CLI00918,52,Feminino,Padrão,34.05,40,3,7.6,1,1,0,10.0,0
CLI00919,36,Feminino,Básico,18.76,14,2,0.5,0,1,0,5.6,1
CLI00920,29,Feminino,Premium,55.56,19,5,6.6,0,0,1,6.7,0
CLI00921,17,Masculino,Padrão,31.87,23,2,8.9,2,0,1,7.5,0
CLI00922,26,Feminino,Básico,21.4,27,1,1.3,2,0,0,5.0,0
CLI00923,66,Masculino,Básico,19.07,8,3,8.7,0,0,0,6.2,0
CLI00924,54,Feminino,Premium,52.64,1,1,14.2,0,0,0,7.2,1
CLI00925,53,Feminino,Padrão,34.0,8,4,6.6,1,0,0,7.1,0
CLI00926,49,Masculino,Premium,57.41,16,1,2.9,0,0,0,9.6,0
CLI00927,53,Feminino,Premium,53.83,9,6,0.6,0,0,1,10.0,0
CLI00928,65,Feminino,Padrão,35.62,20,4,8.8,1,0,0,5.3,0
CLI00929,49,Masculino,Padrão,33.44,7,2,1.4,2,0,0,7.2,0
CLI00930,33,Feminino,Padrão,36.42,15,3,10.0,0,0,0,8.3,0
CLI00931,45,Feminino,Básico,21.27,3,3,20.1,0,0,1,10.0,0
CLI00932,30,Feminino,Padrão,38.6,20,3,3.7,1,0,1,8.4,0
CLI00933,42,Masculino,Premium,54.55,12,2,5.6,0,0,0,7.6,1
CLI00934,66,Feminino,Padrão,36.24,4,5,20.9,0,0,0,8.3,0
CLI00935,49,Feminino,Premium,55.1,5,2,7.2,0,0,0,8.3,0
CLI00936,67,Feminino,Padrão,37.49,20,5,4.7,3,1,0,5.1,0
CLI00937,53,Feminino,Padrão,33.46,10,1,12.9,0,1,0,7.4,0
CLI00938,48,Masculino,Padrão,36.39,4,3,4.9,1,0,1,9.9,0
CLI00939,39,Masculino,Padrão,34.51,48,3,3.5,1,1,1,6.6,0
CLI00940,30,Feminino,Padrão,34.77,18,2,9.9,0,1,0,7.3,0
CLI00941,45,Feminino,Básico,20.08,45,5,13.6,3,0,0,6.5,0
CLI00942,57,Masculino,Padrão,35.4,8,3,3.5,0,1,0,2.4,0
CLI00943,66,Masculino,Básico,19.67,10,5,7.6,1,0,0,7.0,0
CLI00944,32,Feminino,Padrão,35.33,32,3,5.8,1,0,0,7.6,0
CLI00945,20,Masculino,Padrão,38.06,11,4,6.5,2,0,0,6.0,1
CLI00946,44,Feminino,Padrão,36.87,18,4,2.9,0,0,0,4.7,0
CLI00947,19,Masculino,Premium,56.64,5,2,10.4,0,0,0,5.2,0
CLI00948,25,Masculino,Padrão,33.99,9,1,17.4,2,2,0,8.5,0
CLI00949,32,Masculino,Padrão,33.12,2,2,3.4,2,1,0,10.0,1
CLI00950,25,Masculino,Padrão,36.81,4,3,10.4,0,0,0,9.8,0
CLI00951,32,Feminino,Padrão,36.65,1,3,12.7,0,2,0,4.3,0
CLI00952,35,Masculino,Básico,22.85,1,5,7.6,0,0,0,8.7,0
CLI00953,39,Masculino,Básico,18.69,53,2,10.1,0,0,0,5.7,0
CLI00954,20,Feminino,Padrão,34.44,4,4,3.8,0,1,1,5.8,0
CLI00955,49,Masculino,Padrão,31.62,16,5,16.8,0,1,0,6.1,0
CLI00956,21,Masculino,Básico,19.12,26,5,13.7,0,1,1,8.4,0
CLI00957,68,Feminino,Básico,21.89,12,2,14.7,0,0,0,8.9,0
CLI00958,17,Masculino,Básico,18.97,3,3,2.5,0,0,0,6.8,1
CLI00959,28,Feminino,Premium,56.18,19,4,9.3,0,1,0,6.8,0
CLI00960,58,Feminino,Básico,19.52,13,1,4.0,1,0,0,7.9,0
CLI00961,58,Feminino,Padrão,35.55,19,2,17.7,0,1,1,8.1,0
CLI00962,63,Feminino,Básico,17.6,21,3,3.5,1,0,1,9.4,0
CLI00963,26,Masculino,Padrão,35.07,52,4,7.8,0,0,1,4.4,0
CLI00964,66,Feminino,Básico,13.92,12,3,0.9,2,0,0,7.0,1
CLI00965,62,Masculino,Básico,19.53,6,2,7.8,0,0,0,4.9,0
CLI00966,38,Masculino,Padrão,31.64,15,2,2.5,1,0,0,6.9,0
CLI00967,31,Masculino,Básico,22.31,1,1,9.6,2,1,0,6.5,0
CLI00968,46,Masculino,Básico,21.45,32,3,5.9,1,1,0,6.9,0
CLI00969,26,Masculino,Básico,20.83,2,3,5.0,2,2,1,5.4,1
CLI00970,69,Masculino,Básico,22.94,6,2,18.0,1,1,1,4.0,0
CLI00971,31,Masculino,Básico,18.0,24,3,24.9,0,0,0,2.8,0
CLI00972,23,Masculino,Básico,23.39,13,4,1.9,1,0,0,6.7,0
CLI00973,19,Masculino,Premium,56.76,8,3,5.1,1,0,0,6.1,0
CLI00974,55,Masculino,Padrão,34.43,9,3,11.6,0,1,0,5.6,0
CLI00975,19,Feminino,Padrão,37.17,27,4,8.6,1,0,0,9.6,0
CLI00976,40,Feminino,Básico,17.69,6,3,11.1,1,2,1,5.3,1
CLI00977,18,Feminino,Premium,53.25,29,3,6.2,1,0,0,9.8,0
CLI00978,47,Masculino,Padrão,33.68,2,2,14.1,1,0,0,10.0,0
CLI00979,18,Feminino,Básico,18.84,21,5,7.6,1,1,0,3.1,0
CLI00980,42,Feminino,Padrão,32.79,27,6,8.9,0,0,0,7.2,0
CLI00981,44,Feminino,Básico,22.35,3,2,2.5,2,0,1,6.2,1
CLI00982,47,Masculino,Básico,19.38,8,2,7.0,1,0,0,1.2,0
CLI00983,65,Masculino,Padrão,35.61,3,5,11.7,1,0,1,4.1,0
CLI00984,66,Masculino,Premium,53.76,18,3,8.2,0,0,0,8.5,0
CLI00985,34,Masculino,Padrão,31.26,11,5,7.3,0,0,0,10.0,0
CLI00986,36,Feminino,Padrão,35.44,15,4,9.3,1,0,0,8.8,0
CLI00987,20,Feminino,Premium,51.08,4,3,7.5,0,0,0,7.6,0
CLI00988,33,Feminino,Básico,19.76,4,3,6.4,0,0,0,7.0,0
CLI00989,43,Feminino,Básico,17.16,1,1,11.9,2,1,0,10.0,0
CLI00990,57,Masculino,Padrão,38.87,6,3,6.0,0,0,0,10.0,0
CLI00991,37,Masculino,Padrão,36.72,12,1,2.4,0,0,0,5.8,0
CLI00992,36,Masculino,Padrão,35.11,28,5,17.5,0,0,1,3.0,0
CLI00993,21,Feminino,Premium,57.43,16,4,4.1,0,0,1,2.8,0
CLI00994,16,Masculino,Padrão,33.21,9,4,1.8,2,0,0,9.6,0
CLI00995,20,Masculino,Padrão,35.99,43,1,10.1,0,0,1,6.9,0
CLI00996,56,Feminino,Básico,20.3,18,5,18.9,0,1,0,7.4,0
CLI00997,27,Feminino,Premium,55.43,38,3,10.2,0,0,0,3.4,0
CLI00998,41,Masculino,Premium,57.44,11,2,15.9,0,0,0,5.5,0
CLI00999,61,Masculino,Premium,56.36,5,2,3.2,0,1,1,6.4,1
CLI01000,49,Masculino,Básico,20.48,1,4,2.4,0,1,0,7.4,1
CLI01001,64,Masculino,Padrão,31.59,19,3,5.1,2,3,0,6.2,1
CLI01002,29,Masculino,Básico,17.98,2,2,13.4,0,0,0,4.9,0
CLI01003,41,Masculino,Básico,19.65,6,3,9.6,2,0,0,5.4,0
CLI01004,60,Feminino,Básico,20.09,11,2,10.1,0,1,0,9.4,0
CLI01005,42,Feminino,Padrão,32.64,12,3,7.3,0,0,0,7.5,0
CLI01006,24,Feminino,Padrão,39.72,13,4,5.2,0,0,0,8.2,0
CLI01007,41,Masculino,Básico,22.93,3,3,7.5,0,0,1,5.2,0
CLI01008,62,Feminino,Padrão,36.1,7,2,5.9,1,0,0,1.1,0
CLI01009,37,Masculino,Padrão,35.04,14,1,4.9,0,0,1,6.0,0
CLI01010,62,Masculino,Padrão,34.48,50,1,8.7,0,0,0,5.3,0
CLI01011,45,Feminino,Básico,18.0,19,2,5.5,1,0,0,7.7,1
CLI01012,58,Masculino,Padrão,35.05,36,3,8.0,1,3,0,10.0,0
CLI01013,63,Masculino,Premium,55.42,21,3,1.0,0,1,0,8.4,0
CLI01014,32,Feminino,Básico,17.42,13,3,7.6,1,0,1,10.0,0
CLI01015,41,Feminino,Básico,20.57,3,2,5.5,0,0,0,8.1,0
CLI01016,51,Feminino,Padrão,34.59,16,2,16.5,0,0,1,5.7,0
CLI01017,16,Masculino,Premium,51.08,14,3,1.7,1,0,0,7.7,0
CLI01018,23,Feminino,Padrão,33.18,13,1,7.2,0,1,1,10.0,0
CLI01019,64,Feminino,Padrão,34.07,10,2,11.7,1,0,0,10.0,0
CLI01020,50,Masculino,Padrão,38.68,11,4,6.1,1,0,0,5.8,0
CLI01021,67,Feminino,Padrão,36.01,6,1,5.3,3,0,0,7.5,1
CLI01022,30,Feminino,Básico,17.23,11,1,11.7,1,0,0,4.1,0
CLI01023,62,Feminino,Padrão,35.87,4,2,9.5,1,0,0,8.6,0
CLI01024,37,Masculino,Premium,51.81,23,2,10.0,0,1,0,10.0,0
CLI01025,29,Masculino,Padrão,37.07,3,1,4.9,0,0,0,7.1,0
CLI01026,41,Masculino,Premium,53.96,2,3,4.4,0,2,1,5.7,1
CLI01027,43,Masculino,Padrão,34.71,9,3,8.0,2,1,0,7.7,1
CLI01028,38,Feminino,Básico,22.55,16,3,12.4,1,0,0,7.8,0
CLI01029,29,Masculino,Premium,52.33,9,1,2.1,0,2,0,7.2,0
CLI01030,39,Masculino,Básico,17.11,5,4,6.2,0,0,0,7.4,0
CLI01031,17,Feminino,Padrão,33.73,12,1,4.6,0,1,0,6.7,1
CLI01032,60,Feminino,Básico,21.98,6,3,6.8,0,0,0,9.0,0
CLI01033,41,Feminino,Básico,16.86,38,4,11.0,0,0,0,8.5,0
CLI01034,29,Masculino,Padrão,29.24,36,5,3.4,0,0,0,5.0,0
CLI01035,66,Masculino,Básico,19.0,10,3,10.2,0,1,0,5.0,0
CLI01036,22,Masculino,Padrão,36.0,6,3,5.0,0,0,0,6.5,0
CLI01037,18,Feminino,Padrão,37.3,19,2,13.7,1,0,0,8.5,1
CLI01038,62,Feminino,Básico,18.97,1,5,3.6,0,0,0,7.3,0
CLI01039,38,Masculino,Básico,19.08,10,4,12.3,1,0,0,5.7,0
CLI01040,61,Feminino,Padrão,37.21,6,4,2.3,0,0,0,7.5,1
CLI01041,58,Feminino,Básico,16.16,36,3,7.7,0,0,0,6.3,0
CLI01042,62,Feminino,Padrão,34.12,1,2,10.3,0,1,0,8.8,1
CLI01043,60,Masculino,Padrão,35.28,12,4,3.7,0,0,0,7.7,0
CLI01044,33,Feminino,Premium,55.8,19,2,4.7,0,0,1,6.4,0
CLI01045,53,Feminino,Padrão,33.88,10,1,6.8,1,1,0,7.5,1
CLI01046,50,Masculino,Padrão,34.97,2,4,5.3,0,1,0,9.6,0
CLI01047,66,Masculino,Padrão,29.92,51,3,4.4,0,2,0,5.9,0
CLI01048,30,Feminino,Básico,18.58,11,4,11.8,0,2,0,7.8,0
CLI01049,40,Feminino,Básico,20.81,14,4,14.6,1,0,0,6.9,0
CLI01050,52,Masculino,Premium,52.94,4,1,14.0,2,0,0,7.9,0
CLI01051,43,Masculino,Padrão,35.02,10,4,9.2,0,1,1,5.7,0
CLI01052,25,Feminino,Premium,55.79,8,3,10.1,0,0,0,7.2,0
CLI01053,54,Feminino,Premium,54.21,2,3,3.2,0,0,0,9.2,0
CLI01054,32,Feminino,Premium,55.24,2,4,6.4,0,1,0,5.1,0
CLI01055,54,Feminino,Premium,52.97,26,2,7.2,0,0,1,4.3,0
CLI01056,37,Masculino,Padrão,34.49,4,2,8.2,0,1,0,4.4,0
CLI01057,41,Feminino,Básico,21.12,4,3,8.1,0,0,0,4.7,0
CLI01058,59,Feminino,Padrão,35.21,10,2,6.9,1,0,0,8.2,0
CLI01059,40,Masculino,Padrão,33.73,21,1,9.1,4,0,0,4.2,0
CLI01060,32,Feminino,Padrão,35.35,1,3,7.9,0,0,0,6.4,0
CLI01061,28,Masculino,Padrão,36.33,13,5,7.9,1,0,1,8.2,0
CLI01062,35,Feminino,Padrão,30.8,2,3,3.9,2,0,0,7.8,0
CLI01063,40,Feminino,Padrão,37.22,1,1,2.6,0,0,0,6.2,0
CLI01064,19,Masculino,Básico,19.23,1,2,8.3,0,0,0,7.4,1
CLI01065,25,Masculino,Padrão,35.75,26,6,4.9,0,0,0,7.2,1
CLI01066,18,Feminino,Básico,22.29,2,5,4.0,0,1,0,6.6,0
CLI01067,56,Feminino,Premium,52.16,1,5,10.5,1,2,0,6.6,1
CLI01068,60,Feminino,Básico,18.48,9,5,6.4,0,1,0,10.0,0
CLI01069,33,Masculino,Básico,19.32,27,4,15.9,2,1,0,8.6,0
CLI01070,62,Feminino,Básico,18.33,5,3,9.8,0,1,0,10.0,0
CLI01071,51,Masculino,Padrão,38.37,8,2,3.7,2,1,0,6.0,0
CLI01072,62,Masculino,Padrão,33.19,1,2,10.6,0,1,0,6.8,0
CLI01073,37,Feminino,Básico,18.79,9,2,8.8,1,1,0,4.3,1
CLI01074,49,Masculino,Básico,20.31,13,1,3.6,0,0,0,5.4,0
CLI01075,62,Feminino,Padrão,32.5,12,2,4.4,0,2,1,10.0,1
CLI01076,23,Feminino,Básico,19.11,6,5,10.3,2,1,0,6.0,0
CLI01077,55,Feminino,Padrão,35.53,6,1,1.4,0,1,0,10.0,0
CLI01078,64,Feminino,Padrão,34.23,2,2,0.9,3,0,0,4.5,1
CLI01079,59,Feminino,Padrão,34.71,7,4,7.6,0,1,0,4.9,0
CLI01080,34,Masculino,Básico,18.84,2,2,7.2,0,0,0,6.3,0
CLI01081,57,Masculino,Premium,51.87,21,3,8.1,1,0,0,6.9,0
CLI01082,56,Feminino,Padrão,35.54,48,2,7.2,0,0,1,8.8,0
CLI01083,52,Feminino,Padrão,38.41,50,3,9.1,0,1,0,7.9,0
CLI01084,21,Masculino,Básico,19.94,29,4,14.7,0,0,0,6.2,0
CLI01085,67,Masculino,Padrão,35.35,13,2,6.7,1,0,0,6.7,0
CLI01086,41,Masculino,Básico,21.29,17,6,1.9,2,0,1,6.4,1
CLI01087,49,Masculino,Padrão,32.36,5,6,1.2,3,0,0,5.2,1
CLI01088,60,Feminino,Premium,58.31,14,2,5.2,0,0,0,5.2,0
CLI01089,21,Feminino,Padrão,35.3,9,1,5.3,0,2,0,9.1,1
CLI01090,52,Masculino,Básico,23.16,10,2,2.3,1,1,0,3.3,1
CLI01091,48,Feminino,Básico,18.43,20,4,0.7,1,1,0,10.0,0
CLI01092,68,Masculino,Padrão,38.54,5,2,4.9,0,1,0,6.3,1
CLI01093,37,Feminino,Básico,21.45,6,1,18.9,1,0,0,5.5,0
CLI01094,36,Masculino,Básico,21.01,37,4,8.8,1,0,0,8.5,0
CLI01095,21,Feminino,Premium,55.37,1,3,8.3,0,0,0,10.0,0
CLI01096,21,Masculino,Padrão,34.4,10,1,5.9,0,0,0,9.2,0
CLI01097,63,Masculino,Básico,22.3,35,1,5.2,0,0,0,8.0,0
CLI01098,19,Feminino,Premium,55.18,14,2,9.4,0,0,0,9.2,0
CLI01099,45,Masculino,Básico,15.97,12,3,2.5,0,1,0,3.6,0
CLI01100,26,Feminino,Premium,52.67,5,2,22.0,0,1,1,6.0,0
CLI01101,45,Feminino,Básico,19.53,6,1,2.7,0,2,0,5.2,1
CLI01102,46,Masculino,Premium,55.52,27,4,10.0,0,1,0,9.4,0
CLI01103,39,Feminino,Padrão,34.79,12,1,2.9,1,1,0,6.2,1
CLI01104,24,Feminino,Premium,57.34,11,3,7.3,1,0,0,8.7,0
CLI01105,18,Feminino,Premium,51.0,2,2,10.7,2,0,0,8.1,1
CLI01106,66,Feminino,Básico,20.19,1,2,1.6,3,0,0,5.3,1
CLI01107,46,Feminino,Premium,51.26,47,4,3.2,0,0,0,5.8,0
CLI01108,55,Masculino,Padrão,36.42,7,3,3.3,0,1,0,9.6,0
CLI01109,52,Feminino,Padrão,34.71,13,4,5.5,1,0,1,5.4,0
CLI01110,51,Feminino,Básico,20.74,2,4,8.0,0,0,1,7.2,0
CLI01111,39,Feminino,Padrão,33.17,17,6,19.1,0,0,1,5.4,0
CLI01112,46,Feminino,Básico,22.46,38,3,4.4,1,0,0,6.4,0
CLI01113,21,Feminino,Padrão,36.98,13,1,18.3,2,1,1,6.9,0
CLI01114,17,Masculino,Padrão,36.07,2,2,8.6,1,0,0,5.4,0
CLI01115,35,Feminino,Premium,54.64,13,2,2.6,1,0,0,5.1,0
CLI01116,43,Masculino,Premium,56.06,21,3,6.0,1,0,0,7.6,0
CLI01117,26,Masculino,Padrão,33.49,8,4,2.0,0,1,0,5.3,1
CLI01118,19,Masculino,Básico,21.61,30,5,5.2,0,0,1,5.4,0
CLI01119,30,Masculino,Básico,23.2,15,1,4.9,0,0,0,5.1,0
CLI01120,21,Feminino,Básico,22.04,33,2,7.4,0,0,0,6.8,0
CLI01121,69,Masculino,Básico,18.44,14,3,10.0,1,0,0,8.9,0
CLI01122,64,Masculino,Básico,20.62,2,3,6.3,0,0,1,10.0,0
CLI01123,45,Feminino,Básico,17.31,6,4,2.9,0,1,0,5.5,0
CLI01124,53,Feminino,Premium,56.04,4,2,15.9,2,0,1,10.0,0
CLI01125,66,Feminino,Padrão,35.8,34,2,19.9,0,0,0,5.0,0
CLI01126,17,Masculino,Básico,16.16,21,3,5.9,0,0,0,9.2,0
CLI01127,30,Feminino,Padrão,32.58,16,1,8.3,0,0,0,5.6,0
CLI01128,26,Feminino,Básico,19.33,6,4,5.6,0,2,0,5.3,1
CLI01129,23,Masculino,Padrão,34.3,3,4,7.5,1,0,0,5.5,0
CLI01130,41,Feminino,Padrão,32.48,20,4,7.7,1,0,0,6.9,0
CLI01131,66,Feminino,Padrão,35.68,9,4,2.3,2,0,0,8.2,1
CLI01132,60,Feminino,Padrão,35.4,4,3,5.3,0,1,0,8.3,1
CLI01133,59,Feminino,Premium,54.51,14,6,13.0,0,1,0,5.1,0
CLI01134,20,Masculino,Premium,53.39,1,4,12.2,0,0,0,5.0,0
CLI01135,21,Feminino,Padrão,37.0,6,2,5.2,1,1,0,5.2,1
CLI01136,41,Feminino,Padrão,38.21,9,5,7.8,0,1,0,6.8,0
CLI01137,69,Masculino,Padrão,33.93,3,3,5.5,0,0,0,6.6,0
CLI01138,19,Feminino,Básico,18.68,59,3,10.3,0,0,0,5.1,0
CLI01139,34,Masculino,Padrão,35.88,4,1,1.6,1,0,0,7.5,1
CLI01140,35,Feminino,Básico,19.18,2,2,9.4,1,0,0,10.0,0
CLI01141,48,Masculino,Padrão,34.62,4,3,16.6,1,1,0,6.0,0
CLI01142,35,Masculino,Padrão,36.38,21,2,3.9,1,0,1,6.1,0
CLI01143,64,Masculino,Básico,16.08,8,4,15.2,0,1,0,8.1,0
CLI01144,27,Masculino,Premium,57.54,12,6,8.1,0,1,1,5.9,0
CLI01145,62,Feminino,Premium,55.05,1,3,6.3,0,0,0,8.3,1
CLI01146,16,Masculino,Padrão,34.08,1,3,5.2,1,2,0,5.6,0
CLI01147,41,Feminino,Padrão,34.72,9,3,15.5,0,1,0,10.0,0
CLI01148,29,Masculino,Premium,54.82,24,2,5.5,0,0,1,7.7,0
CLI01149,53,Masculino,Básico,16.44,31,2,18.2,1,0,0,5.8,0
CLI01150,52,Masculino,Premium,57.89,2,4,16.9,2,0,0,5.8,0
CLI01151,26,Feminino,Básico,19.98,11,5,4.6,0,1,1,6.0,0
CLI01152,51,Masculino,Premium,55.79,35,3,5.8,0,2,0,9.7,0
CLI01153,28,Feminino,Básico,21.8,7,5,1.1,1,2,0,4.5,1
CLI01154,58,Feminino,Premium,52.86,25,3,6.4,0,2,0,5.7,0
CLI01155,18,Feminino,Premium,55.85,3,4,7.0,1,1,0,5.9,0
CLI01156,48,Feminino,Básico,19.36,39,3,13.9,0,1,0,7.0,0
CLI01157,21,Feminino,Padrão,36.59,20,4,17.5,0,0,0,6.5,0
CLI01158,65,Feminino,Premium,50.65,40,3,10.9,0,1,0,4.0,0
CLI01159,25,Feminino,Padrão,34.7,16,4,13.1,0,0,0,6.2,0
CLI01160,20,Feminino,Premium,53.69,7,1,5.8,0,0,0,6.8,0
CLI01161,38,Feminino,Padrão,35.76,39,3,2.4,1,0,0,5.7,0
CLI01162,25,Masculino,Padrão,35.84,5,3,8.1,2,0,0,8.4,0
CLI01163,59,Masculino,Básico,18.48,6,4,13.7,1,0,0,8.8,0
CLI01164,17,Masculino,Básico,18.48,17,3,0.4,2,0,0,6.8,1
CLI01165,28,Masculino,Premium,54.68,21,1,7.3,0,0,0,7.5,0
CLI01166,55,Masculino,Padrão,33.11,38,2,1.3,0,0,0,2.7,0
CLI01167,17,Feminino,Padrão,36.58,4,5,3.6,0,0,0,6.2,0
CLI01168,35,Feminino,Padrão,34.16,23,3,7.5,0,0,1,9.0,0
CLI01169,16,Feminino,Padrão,29.09,19,3,17.6,0,0,0,6.2,0
CLI01170,52,Feminino,Premium,54.15,1,2,6.8,1,0,0,5.5,0
CLI01171,24,Feminino,Premium,52.82,7,3,10.4,2,1,0,10.0,0
CLI01172,32,Feminino,Padrão,31.64,5,2,8.0,1,0,0,10.0,0
CLI01173,24,Feminino,Premium,52.43,6,3,3.8,0,1,1,7.9,1
CLI01174,26,Masculino,Premium,55.12,57,2,9.2,1,2,0,9.3,0
CLI01175,30,Masculino,Padrão,37.56,15,3,2.4,1,0,0,2.5,1
CLI01176,39,Masculino,Premium,55.53,18,2,6.7,2,0,0,5.4,1
CLI01177,53,Masculino,Básico,18.69,53,4,15.3,0,0,0,6.1,0
CLI01178,50,Feminino,Básico,20.81,7,2,7.6,0,0,0,6.5,0
CLI01179,45,Feminino,Premium,53.98,23,3,8.1,1,0,0,6.0,0
CLI01180,46,Feminino,Padrão,33.51,8,2,5.2,0,1,0,1.9,0
CLI01181,64,Masculino,Premium,52.59,29,1,1.7,0,0,0,7.8,0
CLI01182,20,Feminino,Premium,51.4,3,2,5.7,1,1,0,8.1,1
CLI01183,59,Feminino,Básico,19.12,42,3,11.8,1,0,0,10.0,0
CLI01184,65,Feminino,Premium,55.22,4,1,8.8,0,0,0,5.4,0
CLI01185,29,Masculino,Padrão,34.71,6,3,2.5,0,0,0,5.3,1
CLI01186,68,Feminino,Padrão,34.07,20,3,1.2,0,1,1,1.6,1
CLI01187,26,Masculino,Padrão,33.01,8,1,3.8,1,0,0,6.4,0
CLI01188,24,Masculino,Premium,56.12,14,2,5.7,0,0,1,8.8,0
CLI01189,49,Masculino,Básico,17.27,9,3,6.0,0,0,0,5.8,0
CLI01190,27,Masculino,Padrão,36.45,19,1,6.1,0,0,0,10.0,0
CLI01191,50,Feminino,Padrão,32.9,4,5,6.7,0,2,0,6.5,0
CLI01192,50,Masculino,Padrão,33.4,1,5,9.0,0,0,0,7.3,0
CLI01193,16,Masculino,Padrão,31.97,5,2,4.9,2,1,1,4.3,1
CLI01194,55,Feminino,Básico,18.9,10,3,3.1,0,0,1,7.6,0
CLI01195,37,Feminino,Básico,21.85,3,4,9.7,0,0,0,3.0,0
CLI01196,44,Masculino,Padrão,35.93,7,5,12.0,0,0,0,8.4,0
CLI01197,23,Feminino,Premium,56.86,8,4,4.3,2,0,0,8.4,0
CLI01198,26,Masculino,Básico,20.94,1,2,22.1,1,2,1,9.7,0
CLI01199,56,Masculino,Básico,17.69,13,4,17.0,0,0,0,5.0,0
CLI01200,52,Masculino,Premium,54.24,31,2,2.6,0,1,0,7.3,0
